nom, prenom, telephone, email, adresse, anniversaire, date_inscription
Dolan,Brynne,05 72 91 02 85,vitae.mauris.sit@Aeneanegetmagna.net,Ap #862-1948 Etiam Street,09-10-20-,23-11-20
Lacota,Fredericka,01 99 26 77 23,Sed@necanteblandit.co.uk,9109 Consectetuer Av.,15-09-20-,08-05-20
Guy,Phyllis,07 82 67 63 96,Nam.tempor.diam@ametultricies.co.uk,"Ap #737-9645 Ante, Avenue",05-08-21-,01-10-21
Kato,Cooper,04 42 31 69 22,Nullam.lobortis.quam@odiovel.com,Ap #451-1268 Natoque Rd.,01-05-20-,28-06-20
Elijah,Camille,05 16 20 05 62,Suspendisse.eleifend@at.co.uk,Ap #452-6191 Donec St.,09-06-20-,08-05-21
Eric,Nola,03 71 53 78 64,Donec@ridiculusmusProin.edu,Ap #965-4401 Ac Street,15-10-21-,10-05-20
Cadman,Hall,06 02 46 22 96,cursus.Integer.mollis@aliquet.org,"P.O. Box 362, 3362 Faucibus Avenue",30-09-21-,15-02-22
Tad,Todd,09 55 76 60 99,Nullam.nisl.Maecenas@tellusNunclectus.net,Ap #697-5948 Erat. Rd.,10-06-21-,29-03-21
Candice,Ross,05 15 70 35 84,consectetuer@libero.com,515 Fusce Av.,04-10-20-,20-10-21
Jaquelyn,Ina,07 39 76 15 08,elit.elit@Quisqueornaretortor.net,"779-1340 A, St.",16-10-21-,23-02-21
Preston,Maxine,02 66 57 57 12,velit.eget@ac.net,"8212 Aliquet, Street",02-05-20-,19-09-20
Zia,Janna,07 53 25 63 90,eu.ligula.Aenean@eleifendvitae.com,"P.O. Box 805, 7915 Suspendisse Avenue",16-03-21-,22-12-21
Damon,Knox,09 04 16 76 73,semper@orciPhasellusdapibus.org,"P.O. Box 458, 8534 Imperdiet Rd.",27-05-21-,02-04-22
Zeph,Brynn,06 14 02 46 32,eleifend.Cras@lorem.net,"Ap #146-5041 Non, Ave",03-09-21-,22-11-20
Seth,Emmanuel,08 35 88 79 24,nibh@cursusdiamat.edu,"P.O. Box 889, 5678 Morbi Av.",06-06-20-,27-12-20
Irma,Yoshi,06 39 24 22 59,pellentesque.eget@adipiscing.com,898-3719 Mi Rd.,04-03-22-,03-04-21
Minerva,Jorden,02 12 78 44 85,ac.mattis@ideratEtiam.ca,"P.O. Box 814, 5667 Tempor Avenue",26-10-21-,09-10-20
Hall,Kendall,05 99 39 21 47,Aliquam@enimEtiam.net,"816-5183 Purus, Ave",08-01-21-,23-11-21
Skyler,Ciara,06 89 67 01 63,consequat.auctor@ametconsectetueradipiscing.org,397-7310 Augue Street,28-07-21-,12-07-20
Yoshi,Signe,01 87 61 02 14,et@Vivamus.ca,6942 Sagittis. Street,26-08-20-,16-12-21
Quail,Connor,09 53 19 89 54,ac@Fusce.ca,145-6897 Adipiscing Street,21-01-22-,04-06-20
Audra,Madaline,06 15 71 84 72,semper.erat@enim.org,302-3371 Sed Rd.,29-12-20-,22-05-20
Keefe,Casey,07 45 09 74 24,libero@velitSedmalesuada.org,Ap #536-5356 Risus Rd.,12-02-22-,15-07-20
Leila,Sage,09 19 32 32 35,pretium@mienimcondimentum.edu,2644 Adipiscing Road,10-09-21-,21-05-21
Joshua,Xanthus,03 38 71 69 89,Fusce.aliquam.enim@velitCras.ca,700 Eu Rd.,13-06-20-,18-06-20
Wing,Zena,05 10 37 30 12,sed@Praesentinterdumligula.net,"433-4446 Adipiscing, St.",30-12-20-,15-01-22
Katell,Shelly,01 76 74 83 74,mi@orciconsectetuereuismod.co.uk,"P.O. Box 874, 8044 Metus Ave",29-03-22-,31-07-20
Keegan,Wesley,08 10 47 08 33,mollis.Phasellus.libero@imperdietdictummagna.co.uk,"P.O. Box 398, 1649 Malesuada Road",29-03-22-,28-11-20
Stacey,Kasper,05 92 24 32 71,volutpat@acfacilisis.org,339-9884 Maecenas Avenue,06-02-22-,16-09-21
Martin,Darryl,01 26 96 45 37,Quisque@metus.edu,Ap #438-5299 Eget Rd.,23-12-21-,24-11-21
Rashad,Reagan,09 72 24 52 17,odio.semper.cursus@lacuspedesagittis.ca,"P.O. Box 485, 4611 Integer St.",14-10-20-,25-11-21
Ria,Odette,09 62 22 46 74,ac.mattis.ornare@estvitae.co.uk,"P.O. Box 681, 4713 Neque. Avenue",07-09-20-,08-03-21
Jemima,Adrian,05 44 33 14 80,auctor@justoProin.ca,Ap #897-9438 Nam St.,25-08-21-,30-07-21
Kylee,Tad,08 14 04 24 61,tempus.mauris@velitegetlaoreet.edu,Ap #831-4528 Vitae Ave,16-03-21-,28-06-21
Clinton,Deacon,02 66 69 37 66,nibh@ullamcorper.edu,"P.O. Box 388, 7659 Aliquet Avenue",31-07-21-,06-07-20
Igor,Amity,01 92 67 27 74,Integer.in.magna@etnetus.org,"Ap #885-2550 Eu, Rd.",30-01-22-,19-12-20
Colorado,Cullen,02 33 34 77 58,Proin@purusmauris.net,Ap #752-7447 Erat Av.,19-12-20-,28-08-20
Bert,Bethany,07 32 17 35 81,at.arcu@Maurisvestibulumneque.ca,883-9268 Euismod St.,13-12-21-,20-07-20
Dai,Ian,02 06 83 76 08,lorem.sit@lectusCum.net,889-7587 Lectus St.,17-05-21-,16-11-20
Jameson,Xenos,04 43 96 99 56,diam.lorem@at.com,9748 Cras Street,08-10-20-,30-11-20
Lillian,Chancellor,05 11 38 40 50,eu@Aliquam.ca,Ap #543-3903 Consectetuer St.,12-01-21-,31-07-20
Nissim,Jaden,05 23 20 10 47,massa.Suspendisse@faucibusleoin.com,477-2793 Varius St.,06-06-20-,06-09-21
Wang,Hall,04 21 92 79 23,fringilla.Donec.feugiat@acipsumPhasellus.com,"113-4687 Montes, Road",17-12-21-,26-07-20
Kevin,Sylvester,01 98 41 87 86,Vivamus.rhoncus@euismod.ca,"P.O. Box 603, 3647 Dolor Rd.",19-04-21-,13-08-21
Brynn,Pamela,08 94 12 54 03,magnis.dis@ipsumDonecsollicitudin.edu,"P.O. Box 789, 4535 Orci. Road",16-06-21-,17-07-20
Griffith,Joshua,04 85 42 87 57,augue.malesuada.malesuada@acipsum.org,"P.O. Box 562, 5370 Dictum Road",10-01-22-,29-08-21
Armando,Cora,09 43 05 42 07,dignissim@risusat.com,"P.O. Box 965, 9204 Cras Street",04-09-20-,21-08-20
Jana,Ross,07 92 38 14 72,Morbi@ut.edu,"P.O. Box 423, 6865 Risus Rd.",13-03-22-,23-04-21
Ryan,Murphy,02 10 11 30 93,lobortis.quis.pede@inhendrerit.com,"P.O. Box 693, 3463 Sociis Ave",16-05-21-,22-10-21
Berk,Thaddeus,06 43 61 27 07,consectetuer@tinciduntnequevitae.com,213 Et Avenue,14-01-21-,30-08-21
Whilemina,Halee,05 81 82 82 24,auctor@arcu.org,"P.O. Box 291, 6986 Facilisis. Street",14-10-21-,10-11-20
Suki,Casey,05 88 11 51 37,libero.Proin@vulputate.com,Ap #886-7596 Ante Road,27-04-21-,24-01-21
Yuri,Herrod,01 95 11 59 65,tincidunt.pede.ac@Nuncquis.org,"P.O. Box 436, 8382 Sed Avenue",25-12-21-,23-07-21
Diana,Carlos,03 94 51 33 03,massa@Duisatlacus.co.uk,"P.O. Box 274, 2179 Dui, St.",31-01-22-,16-12-21
Imelda,Guy,08 17 46 17 00,Cum@elementum.com,8296 Posuere St.,07-11-21-,04-12-20
Rama,Curran,02 95 45 22 71,Donec.est.Nunc@Vivamus.org,2167 Pellentesque Rd.,18-01-22-,27-07-20
Bevis,Orlando,03 52 84 81 29,faucibus@sollicitudin.net,Ap #740-3856 Sit St.,13-01-21-,14-10-21
Xander,Ayanna,02 12 71 71 98,amet.nulla.Donec@cursusetmagna.com,"P.O. Box 667, 5284 Non, St.",07-11-20-,16-04-22
Aristotle,Gareth,04 03 94 63 08,dui@dolor.edu,"2051 Tellus, Rd.",30-10-20-,03-08-20
Reuben,Reed,09 27 11 94 27,lacus.pede.sagittis@facilisisnon.co.uk,872-6388 In Rd.,03-02-22-,14-09-20
Lenore,Sylvia,06 69 47 12 46,est.arcu@velitAliquamnisl.com,572-7179 Urna. Street,05-10-21-,10-04-22
Tyler,Veda,01 17 99 13 88,leo.Cras@velvulputateeu.co.uk,7954 Ultrices Rd.,06-04-21-,08-01-21
Teegan,Katell,02 04 10 30 00,mollis@ac.ca,"P.O. Box 144, 3800 Dictum Ave",30-05-20-,07-09-20
Lawrence,David,07 84 77 13 81,cursus.luctus@ornare.net,1338 Quisque Road,24-02-22-,23-06-21
Quyn,Yvonne,01 31 84 80 78,neque.sed@sitametconsectetuer.net,"Ap #520-1225 Est, Ave",21-01-21-,27-01-21
Cooper,Acton,01 70 74 71 46,elit.erat.vitae@eget.edu,3393 Diam Rd.,24-01-22-,01-09-21
Odessa,Jada,08 55 68 63 37,non.egestas@tellusnon.edu,"P.O. Box 660, 2401 Commodo Street",21-07-21-,04-04-21
Harding,Buckminster,01 24 41 43 61,mauris@Nunclaoreetlectus.ca,"P.O. Box 709, 4247 Nam St.",04-05-21-,02-07-20
Jenna,Tanya,09 33 14 25 81,suscipit.nonummy.Fusce@turpisvitae.com,698-1829 Fusce Street,15-07-21-,23-07-21
Jack,Brenden,09 98 60 75 14,Aliquam@et.ca,Ap #669-2390 Mollis. Street,27-01-21-,23-12-21
Jason,Walter,08 75 53 49 69,faucibus@dui.edu,2658 Luctus Ave,09-09-20-,09-08-20
Wallace,Haley,02 51 29 53 90,Integer@tempus.co.uk,562-738 At Ave,07-12-21-,24-02-22
Vaughan,Clinton,03 29 01 09 47,mollis.lectus.pede@gravida.co.uk,"7453 Non, Road",11-06-21-,07-04-22
Lev,Karen,04 72 53 39 55,rhoncus@placerateget.org,"P.O. Box 632, 7359 Facilisis Ave",04-02-21-,24-12-21
Gay,Nerea,01 33 84 07 61,non@eutemporerat.co.uk,Ap #338-3480 Dolor Av.,08-01-21-,15-09-20
Jonah,April,09 74 60 71 46,vestibulum.Mauris@ultricies.ca,"2505 Ullamcorper, Street",23-03-21-,16-01-21
Jermaine,Phelan,02 57 32 33 71,sit.amet@lectus.net,636-4232 Donec St.,04-07-21-,11-11-21
Stephanie,Dexter,05 25 62 47 06,egestas.a.dui@volutpatNullafacilisis.com,7348 Sed St.,04-11-21-,20-03-22
Caldwell,Fletcher,09 28 19 36 28,Phasellus@cursusetmagna.ca,"Ap #848-4521 Vulputate, Road",16-08-20-,09-08-21
Hasad,Merritt,09 61 81 61 52,adipiscing@ligulaAenean.com,"Ap #180-6008 Eu, Ave",22-11-21-,28-09-20
Josiah,Barclay,09 31 00 00 17,non.lorem@nibh.edu,"P.O. Box 837, 8834 Ullamcorper St.",11-01-21-,20-10-20
Ronan,Lael,06 91 29 48 20,ullamcorper.nisl.arcu@nec.com,"8688 Enim, Rd.",12-06-20-,03-02-22
Burton,Priscilla,04 31 29 33 08,ullamcorper.nisl@ridiculusmusProin.net,"P.O. Box 180, 9344 Laoreet Avenue",15-01-22-,15-12-20
Jada,Hope,02 13 16 90 41,Morbi.accumsan.laoreet@duinec.co.uk,253-6696 Tristique Rd.,29-07-20-,11-09-21
Leah,Halla,03 41 46 59 41,Etiam.gravida@DonecnibhQuisque.com,Ap #102-6906 A Rd.,16-01-22-,11-05-20
Jason,Zachary,04 29 54 19 09,Donec.tincidunt@Nulla.co.uk,Ap #701-2983 Ligula. Rd.,21-05-20-,07-06-21
Lydia,Keith,01 50 03 10 08,ornare.elit.elit@iaculis.ca,Ap #825-309 Euismod St.,05-05-20-,28-08-21
Ishmael,Yasir,03 39 84 13 34,scelerisque.scelerisque@Aliquamerat.edu,"3193 Elit, St.",12-06-20-,17-07-21
Wynne,Simon,03 36 45 28 90,et@a.ca,"8250 Ullamcorper, Avenue",23-11-21-,06-05-21
Lani,Chadwick,03 30 58 61 24,Curae@utlacusNulla.edu,967-1322 Nibh Av.,27-11-20-,12-04-22
Reece,Chaney,09 21 13 38 40,a.mi@dignissimtempor.com,1090 Mauris St.,18-01-22-,02-01-22
Evan,Donovan,07 07 27 65 12,placerat@ligula.com,"P.O. Box 283, 2977 Eleifend Av.",20-04-21-,29-08-21
Rama,Hall,05 40 13 80 80,mauris.rhoncus.id@augueSedmolestie.edu,Ap #472-653 A Ave,07-12-21-,30-06-21
Signe,Jocelyn,02 63 18 38 17,Vivamus@telluseu.edu,9196 Ac Street,02-09-21-,26-07-20
Lance,Moses,01 60 42 32 46,a.scelerisque@nectempusmauris.org,Ap #480-4525 Et St.,26-08-20-,27-10-21
Ifeoma,Roanna,07 81 24 64 37,neque.Nullam@lobortisultrices.net,"P.O. Box 818, 327 Nisi. Rd.",16-01-22-,16-11-20
Stacy,Illiana,09 72 67 62 32,eget@ornarelectus.ca,316-4797 Habitant Street,21-02-21-,30-04-20
Neve,Gay,02 73 43 88 70,Aenean.sed@vitaesodalesat.co.uk,Ap #611-6879 Pretium Road,29-04-22-,29-04-20
Yeo,Demetria,09 33 18 83 91,sed.sapien@maurisblanditmattis.ca,3623 Cursus St.,14-06-20-,18-01-21
September,Shafira,07 41 93 35 32,ultricies@Donec.com,"P.O. Box 642, 184 Luctus Ave",23-05-21-,20-12-21
Caldwell,Nayda,08 63 81 67 13,Sed.nulla@nec.com,3022 Et Ave,28-06-13,18-01-21
Ila,Connor,04 22 43 85 15,commodo@Morbi.org,1078 Tincidunt Rd.,12-04-04,09-04-20
Graiden,Pascale,08 56 43 90 00,semper@ligulaNullamfeugiat.org,3160 Egestas. Rd.,12-10-10,13-11-19
Jerry,Kimberly,03 58 17 46 37,nec@Maecenasmalesuada.net,2369 Porttitor Rd.,04-02-16,22-10-20
Abdul,Stephen,07 29 26 15 50,nec@lacusUt.com,9395 Sed Street,25-10-10,18-06-19
Malik,Craig,08 14 07 48 55,iaculis@risusat.co.uk,"Ap #572-7059 Ac, Street",12-08-91,24-10-18
Yoshi,Martha,05 67 09 59 02,Duis.sit@liberoduinec.net,"4246 Amet, St.",14-06-96,16-02-20
Nehru,Dominic,09 12 21 95 81,Phasellus@ipsumnon.ca,Ap #477-7043 Posuere Av.,03-06-93,07-03-20
Brittany,Quamar,09 22 47 40 26,gravida.sagittis@iaculisquis.edu,216-6320 Aliquam St.,11-11-88,02-11-19
Kasper,Carissa,08 96 56 12 34,erat.neque@Etiamimperdiet.org,5522 A Av.,04-08-01,11-11-20
Chaney,Clark,09 74 82 17 53,tellus.faucibus@imperdietornare.ca,Ap #513-8820 Leo. Ave,16-08-93,07-01-19
Howard,Emi,08 33 94 64 85,sagittis@loremvitaeodio.co.uk,"P.O. Box 688, 6129 Amet St.",09-03-15,29-03-19
Darius,Jared,04 66 98 46 46,risus@loremfringillaornare.ca,"3553 Posuere, Ave",30-12-93,27-12-19
Iris,Allistair,01 67 05 80 02,odio.Etiam.ligula@leoMorbi.net,"P.O. Box 373, 2364 Fusce Avenue",22-10-94,03-06-20
Regina,Keefe,02 47 00 19 03,amet.luctus@duiaugueeu.com,524-6842 Ac Av.,18-06-92,09-01-20
Forrest,Lucas,01 91 35 14 16,non.ante.bibendum@telluseuaugue.co.uk,998-1155 Nunc Av.,15-12-13,29-01-21
Yvette,Sawyer,02 36 18 89 50,eu@nisidictum.com,891-3793 Quisque Road,28-02-18,18-01-21
Byron,Chase,07 73 28 57 03,Lorem.ipsum@Proinvelarcu.ca,712-3223 Molestie St.,15-10-19,18-03-20
Upton,Connor,09 23 56 41 62,mollis.non.cursus@auctor.co.uk,779 Vehicula Road,08-03-21,13-07-18
Tiger,Gretchen,05 63 34 12 09,lorem@nisi.co.uk,Ap #417-8898 Egestas Avenue,09-04-10,25-01-19
Phillip,Michael,05 36 55 60 31,risus.In@neque.edu,477-4122 Vivamus Street,04-06-03,02-06-18
Louis,Lila,01 60 58 15 35,feugiat.metus@Suspendissedui.com,678-9822 Sed Avenue,20-10-16,06-08-20
Kylie,Lars,01 69 02 66 49,nec.urna@massalobortis.net,2976 Enim Street,22-11-05,11-10-20
Iliana,Jermaine,06 60 40 22 45,est@elitelitfermentum.co.uk,4031 Donec Ave,29-01-21,10-06-18
Gillian,Roary,07 21 02 20 18,augue.id@a.edu,Ap #996-2638 Interdum. Street,29-12-01,03-10-18
Wallace,Minerva,08 06 61 29 56,semper.et@convallis.net,Ap #950-4043 Dolor. St.,15-08-14,29-02-20
Leandra,Tate,03 67 04 07 56,molestie.dapibus.ligula@egetlaoreet.com,Ap #469-7978 Convallis St.,02-04-21,19-07-18
Amela,Ian,05 52 86 83 81,tortor.nibh.sit@magnased.org,6568 Lacus Av.,29-12-01,10-04-20
Quon,Burton,06 47 02 53 84,mi.pede@acturpisegestas.net,"P.O. Box 409, 136 Maecenas Rd.",14-03-08,07-09-18
Tatiana,Aladdin,09 00 33 64 62,lacus@Donecfelis.org,9727 Etiam Rd.,21-09-01,18-03-19
Nola,Inez,08 30 70 47 37,sit.amet@natoquepenatibus.org,"P.O. Box 305, 9918 Eu, Rd.",04-09-10,25-03-19
Emery,Hollee,05 68 82 93 21,et@velitegestaslacinia.ca,Ap #318-683 Metus. Ave,21-03-11,14-07-20
Katell,Dean,06 16 61 95 74,faucibus.lectus@auctor.com,478-9542 Nisl Av.,05-05-05,18-10-20
Nina,Dale,06 76 46 79 35,accumsan@in.net,"7862 Quis, Street",12-09-16,29-03-21
Alexa,Rigel,03 02 74 56 91,Quisque.fringilla.euismod@risusodio.com,9829 Vel Street,20-01-02,24-02-19
Ignacia,Neve,03 77 71 82 80,sit.amet@feugiat.ca,490-8286 Adipiscing St.,15-01-00,04-08-20
Melvin,Brendan,02 67 19 87 17,lectus@tempor.com,"P.O. Box 383, 9145 Diam. Rd.",11-01-15,10-01-21
Ifeoma,Kathleen,09 55 20 72 92,Duis.a@tempor.net,Ap #697-1253 Fames Av.,15-05-94,09-10-18
Addison,Yael,05 89 59 25 39,pede.Praesent.eu@tristiqueaceleifend.edu,730-9894 Erat Road,12-05-01,04-09-20
Indira,Alvin,04 24 24 68 51,in@augueeu.org,"P.O. Box 927, 4433 Facilisis Rd.",27-02-10,13-10-19
Georgia,Caesar,06 15 32 32 75,commodo.hendrerit.Donec@Mauris.org,641-4141 Et Av.,30-08-89,08-05-20
Jamal,Rhona,04 75 06 16 59,metus@metus.co.uk,Ap #795-5113 Congue Avenue,18-04-08,03-10-19
Athena,Jesse,08 22 00 97 98,eu.augue@auctor.co.uk,"P.O. Box 199, 3756 A Road",12-06-98,08-04-21
Jeremy,Zeus,05 18 76 26 92,lorem.auctor.quis@primisinfaucibus.com,"P.O. Box 672, 308 Nec, Road",10-03-11,13-01-19
Louis,Griffith,08 07 28 17 34,montes.nascetur.ridiculus@dictumaugue.net,Ap #430-3489 Quisque Ave,01-12-94,09-02-19
Kyla,Azalia,06 02 52 13 92,est@pharetrautpharetra.edu,5550 Mi Avenue,22-04-98,26-10-20
Carly,Hyatt,09 67 15 23 87,tortor.nibh@ornarelectus.org,9235 Aliquet. St.,10-02-90,01-04-21
Dane,Calvin,07 11 06 04 24,Morbi.vehicula.Pellentesque@Ut.co.uk,309-6050 Pulvinar Road,22-10-13,15-11-20
Stacy,Sybill,05 54 16 98 57,vestibulum.Mauris@Duis.ca,256-408 Quis Street,06-12-13,21-12-18
Isabella,Barrett,04 19 36 01 74,ut.pharetra.sed@anteMaecenasmi.com,Ap #779-7876 Malesuada. Street,29-03-99,07-06-20
Blaine,Eagan,02 74 94 91 14,orci.lacus@anteipsumprimis.org,"9445 Et, Ave",02-01-97,07-06-19
Flavia,Maryam,03 54 99 57 02,placerat.orci.lacus@acmattisornare.co.uk,658-2435 Mollis Rd.,15-05-97,22-12-18
Theodore,Inez,01 10 41 07 33,consequat.nec@arcuvelquam.ca,Ap #655-934 Aenean Rd.,25-10-16,11-12-19
Astra,Hedy,03 36 69 45 31,Aenean.eget.magna@tristiquesenectuset.ca,461-8468 Non St.,20-03-22,24-11-19
Baker,Amos,03 81 22 02 79,dolor@antelectus.com,943-6302 Tristique Avenue,09-11-05,23-09-19
Janna,Drake,07 76 17 86 41,ligula.Aenean.gravida@euaccumsan.org,"763-5349 Magna, St.",22-03-14,03-09-18
Mannix,Marshall,08 44 48 53 52,fames.ac.turpis@auctorveliteget.org,"P.O. Box 341, 974 Pede. Ave",07-06-00,19-06-18
Orlando,Jasmine,08 71 10 45 89,et.eros.Proin@interdum.net,"P.O. Box 914, 9801 Donec Ave",27-03-97,18-12-19
Colin,Pandora,01 46 31 77 04,ante.dictum@nibh.edu,193-3110 Quisque St.,10-02-20,22-03-19
Cameran,Aiko,06 20 05 35 98,eget@vestibulumneceuismod.ca,3300 Cursus. Rd.,29-10-04,18-04-19
Ryan,Shelley,06 93 12 12 19,quam.dignissim@dictum.co.uk,"P.O. Box 138, 616 Diam Avenue",14-05-89,17-12-18
Maya,Sylvia,09 95 68 32 11,vitae.aliquam.eros@tellusid.net,"P.O. Box 107, 1652 Et Avenue",13-01-94,13-09-18
Amaya,Mechelle,01 55 00 51 37,elit.pretium@turpisIn.org,577-9304 Aliquam Ave,26-04-87,13-09-19
Pascale,Tanya,06 78 31 04 83,sit.amet.dapibus@disparturient.com,7614 Nunc Rd.,08-03-22,15-12-19
Yasir,Michael,03 93 00 63 73,lectus.Nullam.suscipit@urnajustofaucibus.co.uk,869-8695 Magna St.,13-02-13,21-10-18
Vincent,Hiram,04 51 73 48 10,Nulla@eleifend.co.uk,Ap #839-6898 Cum Ave,18-06-06,03-10-19
Deanna,Desiree,05 89 51 40 83,felis@ipsumac.com,"P.O. Box 926, 1890 Maecenas Street",16-12-87,14-07-20
Igor,Flynn,01 83 34 97 38,arcu@temporerat.co.uk,856 Aliquam St.,16-12-09,14-09-19
Veda,Tanner,03 76 91 26 50,Donec@tellus.net,"P.O. Box 635, 2566 Massa. St.",15-03-89,15-06-18
Donovan,Ria,04 76 00 45 24,nulla.Cras.eu@ornarefacilisis.ca,2166 Sed Ave,28-11-07,19-12-20
Alyssa,Shelby,07 65 31 84 12,quis.lectus.Nullam@penatibuset.org,6478 Rutrum Av.,17-12-07,02-11-18
Teagan,Willa,08 70 20 33 58,mollis@odiosagittissemper.ca,4752 Erat Rd.,12-09-04,17-10-19
Cameran,Emerald,02 11 97 87 23,Sed.dictum.Proin@ligula.com,8352 Ipsum Av.,05-10-03,02-05-19
Stella,Aurora,04 54 35 54 69,vel.est@PhasellusnullaInteger.co.uk,2153 Penatibus Street,14-12-94,30-12-19
Amal,Destiny,06 63 80 41 46,nunc@nec.com,295-1483 Nunc. St.,20-10-17,30-03-20
Mason,Finn,06 49 47 18 85,vel.quam.dignissim@porttitorvulputate.net,"P.O. Box 263, 344 Ac Rd.",12-06-94,10-06-20
Palmer,Raja,03 25 66 76 73,a.enim@aliquetdiamSed.org,"P.O. Box 706, 2508 Netus Ave",05-03-02,13-05-18
Guy,Quemby,08 84 24 37 98,ullamcorper@utquamvel.edu,"7794 Lacus, Avenue",15-12-11,30-12-19
Wing,Cameron,07 21 80 42 75,risus.Duis@quamdignissim.net,"P.O. Box 495, 1909 Rutrum Av.",28-04-99,14-06-18
Jada,Xander,06 40 72 92 00,fermentum.fermentum@nisl.com,521-438 Molestie Av.,02-03-93,01-12-19
Ulla,Shannon,05 75 39 18 55,Curae@metus.net,"P.O. Box 702, 8753 Quisque Rd.",06-05-18,08-05-19
Bernard,Jerry,03 75 12 16 82,eget@Namac.org,"384-2989 Lectus, St.",15-08-96,20-02-20
Chaim,Christian,09 30 59 93 37,mauris@nonquamPellentesque.edu,"P.O. Box 610, 7471 Ultricies Rd.",11-05-21,01-04-19
Jelani,Tobias,04 42 98 86 85,non.egestas@utmiDuis.net,6609 Sagittis. Street,12-07-87,09-05-20
Reed,Ivy,07 70 75 07 48,risus@nonmagna.org,9601 Gravida Road,25-09-92,18-07-19
Inez,Lillian,04 69 68 30 89,ipsum.porta.elit@rhoncusProinnisl.org,355-987 Curabitur Road,29-08-86,26-05-18
Slade,Jasmine,06 58 41 39 94,tellus.Phasellus.elit@dolor.com,753-6234 Vivamus Road,23-07-88,16-09-20
Reed,Diana,02 51 65 83 19,nulla.Integer.urna@massaQuisque.com,Ap #927-1457 Cursus Avenue,20-10-19,18-03-21
Keefe,Imelda,09 61 94 50 05,Integer@afelisullamcorper.net,2904 Tempor Rd.,10-05-00,31-10-19
Eric,Sean,08 88 57 27 24,sed.sem.egestas@quisaccumsan.net,3694 Quam Ave,16-03-97,21-03-19
Elton,Victor,07 43 80 75 83,magnis.dis.parturient@dapibusgravida.com,Ap #833-7502 Euismod Street,17-07-98,21-01-20
Mechelle,Cadman,03 69 76 19 49,quis.turpis@porttitortellusnon.edu,532-6570 Placerat. St.,27-03-95,19-04-21
Kennedy,Jorden,04 53 41 70 76,congue@nonummyacfeugiat.com,"267-9281 Vel, St.",04-07-19,25-06-19
Evangeline,Ian,05 98 69 47 67,dolor.tempus@purus.edu,8652 Quam. Av.,24-05-13,29-04-21
Aristotle,Lucian,07 22 44 42 97,Phasellus.dapibus@Nuncmauriselit.net,Ap #262-359 Scelerisque Street,13-03-01,16-09-19
Savannah,Alexis,05 41 86 97 12,vel@vestibulum.org,"P.O. Box 184, 1191 Risus. Av.",01-07-20,06-06-18
Maggy,Nigel,07 83 75 08 72,blandit.congue@tristiquesenectus.ca,403-7347 Nisl. Street,06-12-14,17-02-21
Shoshana,Nash,09 11 26 15 55,non@auctornunc.ca,"P.O. Box 904, 6717 Tristique Rd.",27-05-02,27-04-21
Dieter,Hermione,07 78 36 02 67,Quisque.ornare@nectellusNunc.com,136-5362 Integer St.,15-07-09,02-01-21
Jeremy,Jesse,09 82 77 46 16,molestie.in@egestashendrerit.net,"P.O. Box 398, 7085 Dui, St.",22-08-18,18-10-20
Mira,Aquila,04 76 83 05 96,Sed@egetmollis.org,"9619 Iaculis, Av.",11-01-97,22-08-19
Ciara,MacKenzie,02 28 76 25 62,tristique@euismodindolor.com,505-3293 Sed Rd.,08-01-07,03-09-18
Charde,Lane,08 08 58 66 36,mauris.Morbi@libero.co.uk,"P.O. Box 721, 7490 Nunc Rd.",04-05-16,06-02-19
Haley,Seth,05 96 22 81 52,Etiam.bibendum@ornaresagittis.com,460-7685 Dictum Rd.,04-02-04,01-08-19
Zahir,Steven,06 60 61 23 93,sociis@dignissimtemporarcu.edu,"746-4633 Pede, St.",26-01-01,20-05-19
Driscoll,Samantha,05 91 31 12 42,blandit.mattis@rutrum.co.uk,"P.O. Box 304, 5638 Velit. Ave",10-03-18,01-02-19
Quyn,Maya,02 23 60 03 79,penatibus.et.magnis@magnaSedeu.co.uk,"P.O. Box 265, 6701 Leo. Avenue",29-09-01,05-06-20
Cherokee,Charde,07 21 55 61 60,amet.metus.Aliquam@euodioPhasellus.ca,Ap #471-2795 Pharetra Avenue,19-07-03,22-03-21
Orlando,Dillon,08 26 25 13 09,odio.tristique.pharetra@interdumfeugiatSed.ca,"P.O. Box 891, 6194 Lacinia. Rd.",06-05-10,07-07-18
Meghan,Mufutau,03 09 16 27 59,orci.Phasellus.dapibus@et.org,Ap #582-339 Malesuada St.,05-02-99,02-12-19
Talon,Ezekiel,06 54 99 98 17,Phasellus.ornare@FuscemollisDuis.ca,"P.O. Box 268, 4982 Magna. St.",15-03-97,25-03-19
Rudyard,Chase,05 79 90 66 59,augue.eu@Duisacarcu.org,363-310 Semper. Rd.,26-12-07,04-11-19
Victor,Cassandra,05 70 58 17 90,Mauris@etnetuset.co.uk,3587 Ullamcorper. St.,06-07-98,02-10-18
Brendan,Merritt,07 23 23 72 21,a@lectus.com,"P.O. Box 661, 6389 Aliquam Av.",25-01-17,31-07-19
Halee,Neville,09 50 72 61 43,aliquet.magna@amet.edu,4811 Tristique Rd.,13-07-19,25-04-19
Henry,Todd,07 23 91 60 69,Fusce.fermentum.fermentum@quis.net,3353 Metus. Road,06-12-15,10-08-18
Pandora,Mikayla,07 11 44 15 55,eu.nibh@duinectempus.ca,"P.O. Box 254, 1921 Massa. St.",27-03-97,19-09-20
Erasmus,Cassady,04 96 40 33 27,quam.dignissim@Nullamsuscipitest.org,Ap #585-6632 Rhoncus Rd.,26-05-00,17-01-21
Avram,Maya,05 30 89 97 54,aptent.taciti.sociosqu@ut.net,"P.O. Box 299, 1615 Gravida Avenue",29-06-96,04-11-18
Kim,Lillith,04 55 56 98 58,elit@euenim.com,"P.O. Box 404, 2603 Eros Av.",31-07-95,01-02-21
Ira,Nolan,06 73 59 94 50,ut.cursus@egetvolutpatornare.org,521-1725 Luctus Ave,13-01-18,13-12-20
Melanie,Haley,08 17 52 08 10,natoque.penatibus.et@Pellentesqueutipsum.ca,Ap #297-1444 Cras Street,25-06-09,15-07-19
Kato,Cherokee,02 59 98 35 85,aliquet.metus@Cras.net,2572 Nonummy Av.,08-07-96,06-01-21
Bert,Melanie,01 31 39 76 24,venenatis@Nullam.edu,240-7360 Urna Rd.,04-02-07,13-04-21
Chanda,Nathan,07 30 19 87 81,semper.tellus@placerat.ca,412-2378 Facilisis. Ave,23-06-15,14-12-20
Rhona,Kylan,03 72 42 98 12,et.nunc.Quisque@Nunc.co.uk,Ap #771-4586 Vestibulum Rd.,22-06-94,12-07-20
Marsden,Lacey,07 02 42 56 12,lacinia.Sed.congue@MorbivehiculaPellentesque.net,"P.O. Box 635, 3286 Nullam Ave",04-03-05,03-08-18
Evelyn,Hayden,04 89 15 79 18,nulla.In@Pellentesque.edu,Ap #169-4818 Sed Rd.,24-04-94,29-11-18
Urielle,Avye,05 89 71 13 07,nec.tellus.Nunc@sapienimperdiet.ca,3418 Dolor Road,07-07-07,01-08-19
Kerry,Burke,07 34 80 53 61,Vivamus.nisi.Mauris@elementumdui.edu,131-3222 Et Rd.,19-04-02,29-10-19
Chadwick,Lynn,06 71 88 45 50,rutrum@dolor.ca,3039 Penatibus St.,09-08-02,30-12-20
Laith,Rhona,01 58 18 45 73,vitae@nibhdolornonummy.org,751 Quisque St.,09-05-95,27-07-18
Naida,Len,08 30 16 25 04,nulla.In@acurnaUt.edu,Ap #469-5436 Magna. Avenue,17-06-05,04-12-20
Azalia,Rowan,02 35 12 95 19,venenatis.a@elitfermentum.net,825-2447 Faucibus. St.,17-03-19,17-06-18
Ciaran,Fuller,06 49 35 24 53,feugiat.Sed.nec@ultrices.co.uk,452-3131 Pellentesque Rd.,25-12-15,10-05-20
Isaiah,Urielle,07 38 82 41 87,eros.Proin.ultrices@etcommodo.ca,"P.O. Box 212, 6378 Nulla St.",26-03-19,21-04-20
Clio,Samson,06 40 38 18 27,sem@non.com,"P.O. Box 194, 7177 Ipsum Rd.",03-12-18,21-09-19
Marcia,Colton,08 49 33 10 19,accumsan@ligulaAenean.edu,Ap #915-2771 Donec St.,28-08-99,15-11-20
Emery,Unity,06 64 01 33 26,Donec@pedeet.net,4013 Ut St.,26-09-87,27-07-19
Demetria,Velma,02 67 13 84 84,ac.orci.Ut@Duismienim.edu,"P.O. Box 308, 3419 Scelerisque, Avenue",23-03-93,13-08-19
Ira,Quentin,04 07 97 54 59,sodales.at@justositamet.ca,619-9816 Aliquet Ave,22-05-10,27-07-18
Kelly,Ethan,06 96 13 78 75,mauris.sit@Etiam.net,404 Lorem Av.,26-06-96,16-05-18
Kelly,Ryan,04 39 88 10 08,nonummy.ultricies.ornare@lectus.co.uk,"8215 In, Street",28-08-91,06-09-18
Baxter,Rigel,07 70 00 92 62,elementum.dui.quis@elit.net,9746 Posuere Ave,26-03-99,29-07-20
Cassidy,Hayes,09 07 46 26 05,enim.nec.tempus@utnisi.com,"P.O. Box 887, 413 Elit Ave",27-07-16,05-01-21
Alice,Noble,09 68 96 26 23,felis@eu.org,Ap #259-9890 Ac St.,12-08-18,19-01-20
Raya,Lance,09 46 08 94 20,Nunc@urna.org,Ap #330-5327 Massa. Road,19-07-10,03-09-19
Leila,William,02 44 55 80 46,tempus.mauris@nuncQuisqueornare.edu,Ap #406-5884 Sed Road,30-06-04,03-01-20
Cadman,Jared,01 37 70 40 13,urna.Ut.tincidunt@disparturientmontes.edu,"P.O. Box 272, 1716 Tincidunt Street",02-01-88,02-03-19
Eliana,Maisie,03 90 54 71 34,lectus.pede.et@hendrerit.net,"6788 Cursus, Road",21-04-08,07-11-20
Dacey,Claire,06 26 81 36 95,metus.Aliquam.erat@inmolestie.net,473-4464 Tincidunt Avenue,27-07-89,14-05-18
Gwendolyn,Kadeem,08 61 20 98 10,fringilla.mi.lacinia@Fusce.org,"P.O. Box 508, 4075 Suscipit Road",25-07-93,24-03-21
Nita,Christine,03 78 51 23 54,nec.leo.Morbi@Suspendisse.co.uk,"P.O. Box 113, 5455 Libero Rd.",01-08-89,28-01-19
Leandra,Irene,07 52 68 93 73,ligula.Nullam@natoquepenatibus.net,789-7912 A Street,16-11-88,03-07-20
Zena,Cailin,04 70 66 57 59,Phasellus.nulla@ut.ca,Ap #199-1639 Ut Ave,08-07-09,24-12-18
Colleen,Maxwell,06 22 77 64 20,ipsum.Suspendisse.sagittis@leoCrasvehicula.org,330-4406 Ipsum Rd.,07-01-92,23-08-19
Ferris,Inez,03 71 82 90 27,eu@lobortisrisusIn.org,Ap #876-121 Nulla Street,21-04-01,14-04-20
Julian,Evelyn,03 66 13 50 69,semper.erat.in@ullamcorpereueuismod.edu,"P.O. Box 101, 9867 Ut, Rd.",19-10-88,28-04-20
Anthony,Axel,01 56 67 05 87,gravida@Crasconvallis.org,"P.O. Box 796, 3850 Eleifend Ave",09-01-87,26-11-20
Destiny,Abdul,03 08 90 03 00,sagittis@Phasellusornare.org,125-4423 Nec Road,11-08-93,21-01-20
Malachi,Leo,09 90 23 83 09,nunc@sempereratin.org,Ap #129-2426 Magna. St.,21-10-05,07-12-18
Marsden,Ciaran,06 18 42 85 71,malesuada@neque.co.uk,Ap #854-3955 Ipsum. St.,22-01-99,26-04-20
Madeson,Rhona,03 85 00 82 64,ultricies.ligula@erosNamconsequat.ca,Ap #126-8779 Luctus Avenue,01-12-99,16-02-21
Ursa,Yen,05 48 65 59 09,Nunc.lectus.pede@ac.net,Ap #375-3101 Erat Avenue,14-08-91,03-03-19
Lewis,Reese,04 09 58 46 74,Sed.molestie.Sed@consectetuer.edu,"P.O. Box 943, 6218 Malesuada Street",05-01-13,31-08-18
Davis,Sandra,02 70 15 56 58,penatibus.et.magnis@inaliquetlobortis.ca,3884 Pharetra Rd.,01-12-19,21-02-21
Dominic,Castor,06 69 02 94 77,Mauris.non.dui@urnaVivamus.com,Ap #819-8914 Eros Avenue,09-01-07,02-06-20
Quincy,Zenaida,07 90 28 14 70,sagittis.Duis@enimsitamet.edu,"P.O. Box 683, 4139 Convallis Road",09-08-00,10-03-19
Belle,Jesse,03 85 01 82 06,quis@lorem.com,471-7890 Quis St.,09-09-00,03-11-18
Ursula,Evelyn,02 21 53 58 76,diam@Donecdignissimmagna.co.uk,Ap #447-8154 Nunc Ave,19-11-20,14-09-20
Carol,Audra,05 83 26 62 33,aliquet.Phasellus.fermentum@liberoatauctor.org,"P.O. Box 147, 1614 Vivamus Avenue",28-07-21,07-04-19
Elaine,Kirestin,02 27 78 36 15,dolor.quam.elementum@noncursus.net,108-5688 Metus. Road,27-09-86,25-08-18
Brandon,Hollee,04 90 53 39 45,nec@famesacturpis.co.uk,"P.O. Box 882, 3110 Ante Street",16-06-12,14-11-19
Brady,Cole,06 44 27 73 43,malesuada.malesuada@liberoProinmi.ca,583-2925 Metus Road,20-12-20,02-08-19
Yuli,Dustin,03 47 44 04 29,mauris@luctusut.ca,Ap #838-8753 Pede Avenue,25-02-12,15-07-20
Bradley,Leonard,09 32 22 22 29,sit@amet.co.uk,2218 Convallis St.,19-10-87,15-07-18
Sybill,Patience,07 39 82 54 05,accumsan.laoreet.ipsum@liberoet.co.uk,"P.O. Box 540, 4905 Donec St.",18-07-07,02-02-21
Bryar,Dale,08 96 21 59 15,leo.in.lobortis@atnisi.co.uk,"3390 Non, Av.",11-08-97,28-11-18
Talon,Laura,02 06 21 33 68,magna.et@nislarcuiaculis.net,"P.O. Box 350, 6714 Phasellus St.",20-07-90,03-01-21
Beatrice,Noel,04 92 29 91 99,nibh.enim.gravida@facilisismagna.ca,938-1027 Per Road,15-06-18,03-07-18
Graham,Hayden,08 59 76 37 07,gravida.Aliquam@atpede.co.uk,"1557 Eleifend, St.",19-08-11,29-08-18
Amir,Rhea,01 77 78 55 86,neque@est.org,"P.O. Box 444, 9509 Nunc. Rd.",02-12-89,06-03-20
Jin,Vance,07 46 29 72 29,libero.lacus@volutpat.edu,"P.O. Box 427, 5602 Et Street",10-06-03,19-06-20
Tara,Jana,02 95 79 92 13,metus.sit.amet@utmolestie.net,646-8561 Morbi Rd.,14-03-96,18-06-18
Cade,Thane,02 86 33 36 96,sagittis.placerat.Cras@rutrumurna.net,"742-976 Ornare, St.",16-12-09,14-02-21
Trevor,Malik,04 93 28 97 71,Praesent.eu.dui@ac.co.uk,865-6234 Luctus Rd.,31-10-18,19-12-18
Christen,Ferris,04 56 87 95 05,Cras.vulputate.velit@eu.co.uk,9059 Dapibus Rd.,21-09-18,25-09-18
Rae,Erich,02 02 38 36 96,Proin.sed@fermentum.org,"1437 Convallis, St.",15-01-09,30-11-20
Keiko,Jolie,01 11 38 21 51,vitae.purus.gravida@maurisblandit.net,733-408 Urna. St.,19-02-06,05-07-18
Philip,Demetria,03 90 65 53 73,Lorem.ipsum@acurnaUt.edu,"991-1961 Et, Rd.",09-11-14,22-04-21
Scarlet,Jack,05 27 05 31 90,adipiscing.lobortis@scelerisque.edu,"P.O. Box 123, 1178 Pede Rd.",06-05-98,06-12-19
Phillip,Kirsten,04 76 61 61 62,et.risus.Quisque@lectus.org,3656 Vitae Road,06-01-08,11-10-19
Emerson,Tatyana,05 34 37 95 93,nulla@lectus.net,"Ap #222-5086 Odio, St.",25-09-11,01-12-18
Yen,Ebony,08 88 82 70 47,facilisis.vitae.orci@afelisullamcorper.co.uk,Ap #160-3927 Vel Rd.,01-02-90,21-09-19
Nolan,Lucian,03 69 56 25 48,scelerisque.scelerisque@cursusluctusipsum.org,891-409 Libero. Ave,26-02-17,22-02-21
Jakeem,Bo,05 39 19 23 97,Mauris.molestie.pharetra@Donecestmauris.co.uk,431-4789 Libero Street,29-03-10,01-06-19
Aurelia,Dacey,07 07 70 25 86,libero.est@Quisquepurussapien.co.uk,Ap #725-5161 Augue St.,07-08-94,08-09-18
Hilary,Serina,07 58 94 27 83,et.malesuada.fames@eget.ca,"9019 Fringilla, Rd.",15-04-13,06-03-21
Constance,Dylan,01 68 58 79 26,purus@sollicitudin.net,8768 Egestas. Rd.,24-09-86,21-10-18
Beatrice,Matthew,07 51 35 92 50,enim.commodo@consectetueripsumnunc.org,Ap #468-3839 Nec Rd.,27-01-97,28-08-20
Shoshana,Wynne,09 09 60 19 00,nunc@velit.org,Ap #340-2914 Augue. Road,17-02-07,31-03-21
Donna,Ursa,02 77 33 23 95,nulla@pede.edu,9947 Nec Av.,06-05-97,11-01-21
Irma,Imelda,02 43 56 26 47,magna.Nam@massaIntegervitae.ca,978-2692 Vel Street,06-08-16,08-08-20
Serena,Angela,02 30 97 05 23,fringilla.mi@elementum.net,"P.O. Box 885, 5627 Rhoncus Av.",29-01-96,23-09-20
Cameran,Kareem,07 93 99 27 94,dui.Suspendisse.ac@Morbinequetellus.org,"P.O. Box 836, 7949 Ac Street",30-08-05,28-03-20
Grady,Astra,01 82 27 70 67,ipsum@Aenean.net,Ap #742-740 Massa. Street,06-02-99,02-05-20
Samuel,Griffin,03 48 30 85 84,consectetuer.mauris.id@luctusetultrices.co.uk,"P.O. Box 910, 7887 Habitant Rd.",28-07-94,30-07-18
Nissim,Oliver,07 06 49 35 11,dui.in.sodales@porttitor.edu,Ap #244-198 Dictum. Rd.,10-04-19,06-11-19
Leonard,Ezekiel,07 16 55 74 35,mattis.Cras.eget@sollicitudinorcisem.co.uk,"Ap #111-6620 Lorem, Avenue",17-02-92,01-12-20
Rebecca,Blair,05 62 59 19 63,elit.dictum.eu@senectuset.net,"338-3383 Elit, St.",19-03-12,22-03-20
Madeson,Risa,06 89 72 26 20,Aliquam.gravida.mauris@utdolor.edu,"P.O. Box 300, 7665 Augue Rd.",21-01-21,05-12-19
Buffy,Avram,07 38 82 25 15,porttitor@luctusaliquet.com,5485 Duis Av.,21-12-19,17-08-19
Xenos,Gareth,06 86 42 57 70,nunc.risus@pulvinararcuet.com,"P.O. Box 436, 495 Vivamus Street",24-09-95,22-07-19
Juliet,Latifah,04 13 42 30 89,amet.ante@ultrices.ca,1242 Proin Street,15-04-91,10-04-20
Paki,Martin,09 68 28 99 58,primis@semutcursus.edu,785-9224 Lacus. Av.,23-12-99,08-01-21
Ima,Walker,09 95 08 10 51,neque.et.nunc@nislNulla.com,"P.O. Box 554, 7963 Odio. St.",08-12-10,19-09-19
Macey,Claire,05 71 09 91 23,hendrerit@Cras.net,"P.O. Box 506, 3648 Curabitur Ave",06-03-05,11-02-20
Kane,Fay,09 08 68 84 74,nibh.lacinia@rutrumlorem.org,"P.O. Box 570, 1452 In Rd.",09-01-11,18-01-21
Rudyard,Levi,07 89 40 83 62,enim@consectetuercursuset.org,"P.O. Box 753, 9204 Lacus. Street",01-03-87,18-11-19
Alvin,Iris,04 87 05 10 49,interdum@mi.com,213-6844 Nunc Ave,14-08-99,21-07-19
Walker,Moana,06 09 54 36 06,libero.dui.nec@non.co.uk,"P.O. Box 646, 2418 Ligula Avenue",12-12-17,16-08-18
Rebekah,Madeson,03 68 38 23 41,pede.ultrices.a@Fuscealiquetmagna.com,632-4726 Urna Rd.,12-03-14,14-08-18
Zane,Tara,01 60 04 98 59,Maecenas.iaculis@Inlorem.edu,"P.O. Box 920, 4352 Fermentum Rd.",26-08-09,20-09-19
Florence,Richard,03 98 97 81 69,Proin@in.org,846-4966 Nibh Av.,07-02-91,23-03-19
Ramona,Harlan,02 88 84 74 74,suscipit@ligula.co.uk,685-3729 Nulla. Rd.,02-05-15,02-12-18
Macaulay,Marshall,05 98 72 70 31,tempus@vitaeerat.co.uk,Ap #955-8848 Torquent St.,09-05-96,08-08-18
Salvador,Mufutau,09 95 20 13 37,tellus.Nunc@maurisrhoncus.net,"P.O. Box 199, 674 Pede, Street",17-12-95,31-08-20
Jacqueline,Alan,01 13 33 39 28,lobortis.quam.a@Morbisitamet.org,Ap #773-3162 Nullam Rd.,14-10-10,21-07-18
Thane,Dorian,08 64 58 80 28,libero.Proin@Nullam.org,"P.O. Box 875, 6448 Vitae Avenue",17-07-06,23-06-19
Janna,Octavius,09 10 99 34 39,ipsum@nec.org,"Ap #207-694 Montes, Rd.",15-03-89,21-05-20
Kane,Emily,02 64 24 16 51,enim.Etiam@dictumsapien.org,581-6760 Habitant Road,25-06-91,27-03-19
Igor,Darius,02 80 72 95 12,turpis@lobortistellus.edu,"P.O. Box 358, 1199 Tellus. St.",13-11-90,16-05-20
Lacey,Aquila,09 55 67 06 18,diam.luctus@vitaeposuereat.ca,179-8136 Aenean Street,30-05-04,28-10-20
Clementine,Rylee,04 31 27 85 11,consequat.enim.diam@arcuMorbisit.ca,"P.O. Box 736, 3735 Vulputate Street",02-07-07,15-06-18
Courtney,Alisa,05 61 06 84 75,euismod@Donecegestas.org,226-9988 Proin St.,03-05-05,24-07-18
Bianca,Garrett,09 52 09 76 49,id.risus.quis@Nulla.ca,"P.O. Box 288, 9088 Nascetur Rd.",28-02-87,22-06-19
Armand,Ferris,03 81 81 46 55,at@afeugiat.com,1093 Vestibulum Street,15-07-06,18-06-19
Shaine,Barrett,04 71 58 24 00,Cras.vehicula.aliquet@posuere.ca,Ap #580-2227 Lorem Street,03-09-10,28-08-18
Gil,Rae,02 07 51 97 51,aliquam@ligula.co.uk,1791 Tellus Rd.,18-06-88,20-04-19
Victoria,Kameko,08 97 46 34 89,nec.metus@cursus.edu,Ap #523-9038 Vestibulum St.,11-09-98,11-11-20
Cain,Destiny,05 70 03 31 00,vel.est@Nunc.edu,"P.O. Box 238, 3137 Maecenas Av.",10-10-88,24-07-18
Julian,Kennedy,05 96 81 46 55,vehicula.risus.Nulla@aaliquet.co.uk,3296 Metus Ave,10-05-87,26-12-19
Noelani,Taylor,08 95 97 80 08,tempor@eleifend.org,5533 Congue Ave,21-06-04,04-07-18
Richard,Thane,09 88 51 75 08,diam.vel@aliquetnec.net,620-1269 Phasellus St.,15-07-18,20-03-20
Judah,Martin,01 66 23 97 62,Nullam@Aliquamgravida.net,"P.O. Box 304, 4582 Nisi Rd.",12-11-19,15-03-21
Mara,Malik,04 97 34 46 20,dui.in@penatibusetmagnis.ca,"P.O. Box 850, 235 Nisi Rd.",05-11-88,08-10-18
Leandra,Quinn,04 94 34 22 02,vel.venenatis@Curabiturut.edu,"5185 A, Road",01-01-07,02-03-21
Jaime,Cathleen,09 05 41 27 99,quis@consequatpurus.ca,3016 Natoque Street,08-11-01,25-10-19
Victor,Barclay,07 75 95 22 81,vitae.velit.egestas@nequeInornare.ca,"P.O. Box 515, 570 Nec, Street",13-04-22,04-12-20
Amy,Preston,03 95 27 30 84,elementum@feugiat.com,"P.O. Box 887, 5139 Sem St.",08-03-87,17-11-19
Jescie,Jocelyn,04 68 29 90 00,tempus.eu@tempus.com,"P.O. Box 261, 6290 Non St.",15-12-98,27-02-21
Tatyana,Carla,07 50 43 36 57,adipiscing@eu.edu,2231 Vulputate Road,26-11-13,18-12-18
Gwendolyn,Isaiah,06 83 03 28 72,mauris.a@elitsed.net,"P.O. Box 576, 6587 Elit Av.",22-06-19,16-09-18
Moses,Owen,09 62 15 29 95,habitant.morbi.tristique@felisDonectempor.com,"P.O. Box 809, 6606 Elementum, St.",06-12-02,20-05-18
Isadora,Sydnee,09 68 13 30 50,dapibus.id@quispedePraesent.co.uk,682-1121 Mi Ave,07-09-92,19-01-21
Chaney,Quinlan,07 75 01 10 25,euismod.in@inaliquetlobortis.org,"P.O. Box 983, 5547 Vel, Av.",09-12-93,05-08-18
Sonya,Lyle,07 42 37 17 35,a.nunc.In@pedeSuspendissedui.net,758-9811 Est. Road,20-11-98,07-06-19
Lyle,Leroy,09 77 86 35 23,Integer.sem@Sed.co.uk,Ap #178-8678 Ullamcorper Ave,05-02-04,19-07-20
Beau,Kalia,03 56 24 06 64,lorem.ut@vitae.com,"969-5317 Amet, Road",12-11-98,03-11-18
Emily,Zena,04 39 73 10 60,Morbi.metus.Vivamus@aultricies.ca,5029 At St.,16-09-12,28-01-19
Keelie,Cara,08 64 91 69 63,Integer@consequatpurusMaecenas.ca,"7771 Et, Ave",07-11-18,30-08-19
Judith,Sean,09 47 04 87 24,felis@NullafacilisisSuspendisse.net,5419 Ultrices Avenue,01-09-12,21-03-21
Kelly,Nathaniel,03 74 98 37 67,eu@sit.edu,Ap #838-1028 Id Street,16-12-19,28-04-19
Rachel,Burton,04 72 94 20 85,Etiam@acfermentum.ca,Ap #942-7746 Faucibus Road,14-07-00,24-08-18
Ariel,Plato,09 80 75 07 24,Curabitur@at.edu,867-2884 Egestas. St.,07-05-90,19-12-18
Owen,Ali,02 74 21 92 72,cursus@Donecvitaeerat.com,Ap #269-4960 Nec Ave,15-11-05,06-01-20
Colton,Caleb,04 26 00 68 89,dolor.sit@Donectincidunt.net,"3048 Aliquam, St.",29-04-06,15-08-20
Noel,Ulric,03 41 54 44 72,Donec@nuncsed.ca,5298 Commodo Rd.,16-11-00,28-08-18
Leo,Adam,03 67 97 32 98,libero.nec@Mauris.net,"Ap #691-8644 Eu, Avenue",01-01-17,19-12-19
Jakeem,Hanna,01 92 94 52 68,interdum.feugiat.Sed@aliquamenim.ca,Ap #679-5339 Lectus Street,17-01-02,23-08-19
Francis,Cameron,04 99 26 87 51,sem.elit@fermentum.edu,Ap #628-3635 Placerat St.,14-10-12,01-01-21
Patience,Ulla,06 26 51 76 67,pede.nec.ante@nectempusscelerisque.co.uk,163-8214 Pede. Rd.,16-02-17,30-01-19
Norman,Bradley,04 29 52 59 80,interdum.Nunc@metuseu.net,Ap #683-9209 Iaculis Road,13-02-08,10-08-20
Mari,Aimee,07 26 77 70 71,ante.iaculis@adipiscingfringilla.co.uk,"P.O. Box 905, 8780 Ipsum. Road",10-08-99,16-06-19
Yoko,Myra,06 08 24 16 84,non@eu.co.uk,Ap #593-8392 Quisque Rd.,02-01-96,19-02-19
Driscoll,Anthony,01 53 82 10 37,dui.Fusce.diam@ligulatortordictum.net,Ap #387-8304 Dictum St.,05-01-13,25-07-19
Amber,Sara,06 19 89 70 05,amet.consectetuer@auctor.ca,"P.O. Box 983, 1541 Rutrum, St.",26-09-98,04-11-20
Rogan,Winifred,02 54 42 72 42,et@tinciduntorciquis.co.uk,520-112 Dolor Street,16-07-03,24-04-19
Charity,Dana,06 14 67 56 07,ultricies.ornare.elit@egestas.org,2932 Lacinia Street,07-11-15,19-10-18
Ralph,Wade,03 44 93 18 58,aliquet@Vestibulum.org,"P.O. Box 114, 2698 Imperdiet Rd.",09-04-03,04-09-19
Orson,Susan,03 57 28 10 62,pellentesque.Sed@enimEtiam.ca,3922 Semper Rd.,06-11-13,27-10-20
Sydnee,Dante,05 44 08 51 16,tincidunt.congue@lectus.net,181-9903 Cursus St.,25-11-02,11-09-20
Urielle,Evan,01 64 68 45 54,rhoncus@eratVivamus.org,"P.O. Box 917, 3742 Vel, St.",24-06-10,03-11-19
Phoebe,Hamilton,02 07 64 50 65,tincidunt.dui.augue@magnisdis.edu,Ap #758-2755 Facilisis Avenue,03-04-09,24-05-18
Kane,Yardley,09 73 49 18 14,velit.Aliquam@laciniaorciconsectetuer.ca,Ap #586-3130 Lacinia Road,16-05-12,08-05-19
Samuel,Travis,01 47 84 08 68,Integer@Pellentesqueultriciesdignissim.com,1479 Nonummy St.,04-10-10,15-02-19
Aspen,Alexis,07 58 47 99 11,Morbi.metus@dolorQuisque.net,513-7644 Sociis Ave,09-02-22,16-06-19
Marsden,Brock,04 62 52 75 17,magna.Lorem.ipsum@magnisdisparturient.ca,4764 Nisl. Road,30-07-02,23-02-19
Mira,Merritt,09 57 27 64 07,Mauris.molestie@dolorsit.com,8386 Dignissim Ave,09-05-93,06-03-20
Zelda,Ebony,08 84 43 80 89,tincidunt@consequat.com,Ap #576-7922 Fusce Road,27-03-87,23-11-19
Dillon,Nigel,08 69 21 20 18,nec.leo.Morbi@condimentumeget.edu,"P.O. Box 387, 9988 Nibh Av.",29-06-06,18-01-20
Ora,Jayme,01 07 74 95 86,Praesent@Sednuncest.net,"427-9197 A, St.",05-07-11,09-03-20
Castor,Tanner,02 90 92 00 89,Curabitur.vel@a.edu,"P.O. Box 859, 8165 Donec Rd.",25-07-15,26-09-18
Jaden,Gabriel,07 68 28 40 30,penatibus.et@consectetuer.co.uk,"P.O. Box 288, 5414 Lorem Road",08-03-05,12-05-18
Melyssa,Mary,04 81 09 23 83,massa.lobortis@ornare.edu,"P.O. Box 269, 9220 Ut Street",16-08-94,26-02-20
Bert,Dillon,08 74 85 40 75,magna.sed.dui@vitaemauris.com,Ap #402-3282 Bibendum Rd.,28-01-07,21-08-20
Ivan,Quentin,03 13 23 93 18,purus@tristiquesenectuset.org,"P.O. Box 687, 6990 Magna, Ave",04-05-98,16-09-18
Rowan,Claire,03 57 52 15 51,hendrerit.Donec@massa.co.uk,"P.O. Box 598, 6629 Hendrerit Ave",30-07-89,03-08-20
Sarah,Brett,05 28 56 42 03,Quisque.varius.Nam@arcuCurabitur.com,8835 Ut Rd.,19-01-02,28-03-20
Alec,Chloe,01 34 42 26 25,Aliquam@a.edu,Ap #245-4751 Enim Road,07-06-03,19-01-19
Tasha,Philip,05 05 25 73 48,et@Fuscemi.ca,"P.O. Box 811, 2953 Et Ave",26-04-01,23-06-18
Plato,Mona,05 11 19 64 73,magna.Praesent@dictumeu.org,"P.O. Box 633, 8483 Donec Rd.",21-10-14,17-04-20
Vanna,Jerry,09 29 73 02 72,eu.eleifend@euodio.edu,"4873 Ac, Rd.",03-03-14,15-04-20
Sebastian,Sebastian,06 14 21 74 96,ultricies.sem@liberoDonec.net,Ap #366-7216 Sagittis. St.,19-05-15,05-03-21
Uriah,Diana,02 86 25 54 24,amet@sedduiFusce.com,141 Ad Road,29-10-99,05-06-19
Bo,Sonia,06 68 16 71 00,nunc.sit.amet@iaculisenim.com,Ap #189-9534 Tellus Street,07-12-16,01-06-18
Deborah,Alexander,09 85 02 57 10,Ut.tincidunt.vehicula@Nullam.com,1386 Malesuada Street,07-07-02,17-11-19
Branden,Gabriel,08 99 57 78 58,ante@Pellentesque.com,292-6155 Luctus St.,04-04-08,28-11-19
Camilla,Caleb,09 67 83 05 83,mi.pede@eleifendCras.co.uk,Ap #916-8586 Aptent Avenue,02-05-88,13-12-18
Scarlett,Reece,02 50 86 67 79,commodo@Aliquamadipiscinglobortis.ca,2686 Leo. Rd.,16-03-01,31-01-20
Jessica,Scarlet,08 63 04 54 92,egestas.rhoncus.Proin@fermentum.com,Ap #508-8642 Luctus St.,21-07-07,22-09-20
Marny,Janna,03 37 00 52 93,erat.semper.rutrum@quistristiqueac.net,9096 Elementum St.,17-03-96,15-12-18
Sybill,Xanthus,03 52 52 33 73,malesuada.ut.sem@scelerisque.edu,Ap #961-8869 Diam Ave,08-09-17,25-09-18
Wilma,Blythe,02 19 24 13 52,quam.Curabitur.vel@vulputatemauris.com,"P.O. Box 706, 5781 Dignissim. Rd.",05-10-13,30-06-20
Christopher,Justin,04 37 12 18 06,in.sodales@sodalesnisi.com,6259 Ut Rd.,12-02-97,12-10-20
Cora,Kristen,08 03 41 60 79,montes.nascetur@ornare.ca,"P.O. Box 619, 8570 Dis Avenue",11-04-18,29-04-21
Miranda,Nehru,01 66 84 62 99,purus@Sed.net,562-9346 Nisi. Rd.,19-04-12,19-10-19
Cheyenne,Bertha,01 72 78 48 32,eu@atlacusQuisque.edu,"867-4717 Vitae, Avenue",08-09-00,29-11-18
Hyatt,Jarrod,02 48 10 22 64,commodo@consequatnecmollis.com,261-5743 Fusce Rd.,19-09-08,24-04-20
Alvin,Dolan,05 80 82 73 78,nec.mollis.vitae@interdumNuncsollicitudin.co.uk,282-4448 Quis St.,04-03-96,03-09-19
Marny,Jason,09 04 23 14 19,montes.nascetur@ipsumdolor.edu,"P.O. Box 293, 2866 Aliquam Rd.",25-10-11,10-10-20
Gregory,Ria,09 33 53 74 68,suscipit@Suspendissesagittis.net,758-2201 Cursus. Rd.,15-12-12,27-06-20
Ralph,Bert,05 70 74 07 61,Cum.sociis.natoque@Aliquamnec.com,7086 Vel Rd.,22-02-07,28-03-21
Wing,Abraham,08 68 64 18 02,dictum.augue@nulla.com,6480 Pulvinar Av.,18-07-11,17-11-18
Karleigh,Marcia,08 04 35 44 22,laoreet.posuere@mienim.com,Ap #438-4390 Faucibus Av.,02-01-11,17-05-18
Bethany,Hiram,06 83 28 55 04,et.lacinia@sagittisNullamvitae.edu,645-4071 Mollis Avenue,31-12-03,29-11-18
Samson,Eaton,02 23 03 82 63,sem.molestie@montesnasceturridiculus.co.uk,Ap #708-7218 Augue Road,06-08-18,26-01-20
Ulysses,Arden,02 47 04 16 58,Aenean@Integerin.edu,Ap #544-4271 Mauris Street,18-09-21,30-11-19
Anika,Xaviera,09 76 01 26 81,eget@magnisdis.net,"6055 Odio, St.",04-06-03,23-01-19
Phelan,Calista,08 41 56 98 75,pharetra@id.ca,Ap #544-1137 Rhoncus. Avenue,25-03-11,05-07-18
Melissa,Hu,01 23 67 76 70,mattis.Integer@pedeblandit.edu,717 Euismod Rd.,10-11-19,24-11-19
Sybill,TaShya,02 43 07 49 00,est.ac.mattis@nostra.net,"Ap #332-7841 Odio, St.",14-10-90,03-03-19
Keith,Lucius,03 04 57 60 55,enim@nibhlaciniaorci.co.uk,Ap #843-1202 Nulla Street,23-10-16,30-01-20
Alisa,Keaton,05 75 23 41 90,ornare.In@leoCrasvehicula.edu,737-9406 Blandit Ave,29-10-20,26-07-20
Abbot,Haley,03 13 93 55 49,adipiscing@etlaciniavitae.org,"823-106 Vel, Ave",09-06-91,13-03-20
Odessa,Gwendolyn,04 14 48 97 88,Aliquam.adipiscing@mi.com,"P.O. Box 911, 8615 Mauris Avenue",29-07-05,25-03-20
Demetrius,Christen,05 83 97 74 41,pede@Integer.net,"P.O. Box 195, 4944 Nunc Ave",21-11-18,29-03-21
Lester,Tyler,04 84 47 97 98,enim.nec@eleifendnecmalesuada.org,Ap #259-5953 Nibh St.,07-10-16,25-03-20
Herrod,Imani,08 08 72 55 03,elit@gravida.com,410-9212 Ac St.,20-09-92,09-11-19
Emerald,Vincent,04 06 16 71 78,vitae@rutrumnon.org,554-2066 Arcu. St.,23-08-19,04-12-20
Gage,Dexter,08 05 62 22 97,dui.in.sodales@necquam.co.uk,"P.O. Box 273, 8375 Lacinia St.",24-03-04,21-02-21
Gabriel,Holly,01 18 57 93 60,dolor.sit@leo.ca,"P.O. Box 483, 1316 Donec Rd.",13-08-99,13-08-19
Jennifer,Rhea,09 60 04 30 06,at.velit@massaQuisqueporttitor.edu,"P.O. Box 222, 1724 Ut Rd.",29-11-08,13-02-21
Daryl,Meghan,07 67 64 05 68,imperdiet.non@egestasligula.net,"P.O. Box 269, 5192 Ligula. Ave",10-01-12,22-03-19
Castor,Fay,01 66 88 25 85,Nunc.sollicitudin@ipsum.ca,"P.O. Box 651, 6046 Eu Avenue",02-08-96,31-07-20
Cameran,Flavia,09 45 49 81 17,fermentum@acfeugiatnon.ca,"P.O. Box 890, 6568 Ligula. Ave",28-05-98,02-11-19
Clayton,Slade,03 32 05 43 72,ipsum@turpisnecmauris.edu,401-9652 Rutrum Av.,22-05-00,16-12-19
Dalton,Mannix,07 58 87 20 85,placerat.augue.Sed@ridiculusmus.net,"866-2896 At, Avenue",28-04-07,04-09-18
Zorita,Drake,02 23 54 55 10,dis.parturient.montes@velitjustonec.ca,3432 Mauris Road,15-10-06,09-03-21
Aiko,Laurel,04 70 42 62 27,ornare@Curabiturutodio.co.uk,"P.O. Box 398, 9193 Ut Rd.",30-04-10,12-06-20
Solomon,Damian,08 19 48 58 83,aliquet@aneque.ca,Ap #734-2963 Egestas. Avenue,11-03-95,22-05-18
Clinton,Cathleen,03 19 56 12 39,Sed.eu.nibh@Aliquamtinciduntnunc.ca,"P.O. Box 566, 5328 Lectus Street",16-04-15,26-03-20
Paula,Kirestin,01 44 16 86 21,non@Nulladignissim.co.uk,"P.O. Box 124, 7043 Sem Avenue",27-01-89,24-11-20
Lucius,Xanthus,04 31 62 09 22,malesuada.fringilla@ultriciesornareelit.com,839-8414 Enim. St.,14-07-93,03-06-20
Peter,Ria,08 54 89 11 25,urna@pede.org,Ap #112-5744 Orci. Ave,03-06-20,06-07-19
Dane,Ginger,07 24 64 89 16,Cras.eu@tincidunt.ca,"P.O. Box 361, 7619 Ipsum. Rd.",29-07-87,21-06-18
Dane,Cain,09 98 68 73 41,Donec.at.arcu@est.com,"P.O. Box 492, 3858 Pharetra. Avenue",07-02-20,29-07-20
Flynn,Quamar,08 71 64 22 20,massa.lobortis.ultrices@velit.ca,136-7990 Fusce Road,20-04-95,09-12-20
Jamalia,Flynn,04 83 74 28 85,non.ante@odiosagittissemper.edu,"852-2962 Vel, St.",30-06-92,18-02-21
Imogene,Cooper,01 48 70 93 87,at.augue@hendrerita.com,456-4664 Egestas. Rd.,02-05-95,01-01-20
Irene,Gary,03 54 72 06 38,diam.nunc.ullamcorper@pharetranibh.com,"P.O. Box 963, 8272 Odio Rd.",22-05-89,13-04-19
Candace,Cathleen,02 91 04 32 44,rutrum@luctusfelispurus.org,248-8727 Non Av.,22-01-90,17-12-19
Avye,Roanna,07 24 62 62 30,feugiat.nec.diam@Maurismolestie.edu,"264-9453 Dui, Ave",02-07-91,12-11-19
Judah,Talon,03 08 22 68 27,Aliquam.ultrices@enimcommodo.org,"P.O. Box 730, 4190 Velit Av.",08-09-19,10-10-20
Naomi,Dolan,08 75 50 10 44,Proin@egestasrhoncus.net,Ap #682-9614 Mi. Avenue,09-06-93,14-07-18
Zena,Ulric,02 10 89 84 04,sem.eget@placerat.co.uk,"P.O. Box 696, 9460 Condimentum Ave",13-11-99,19-08-20
Jennifer,Moana,05 86 12 99 92,Nullam.suscipit.est@eu.ca,557-8698 Velit Rd.,13-04-03,16-02-20
Brooke,Chaney,05 58 04 21 05,pellentesque.eget.dictum@pedenecante.net,"P.O. Box 873, 2764 Primis Rd.",26-10-19,03-08-18
Charlotte,Carson,07 97 14 48 48,ultricies.ligula.Nullam@quamvelsapien.org,Ap #258-7691 Dapibus Rd.,15-03-16,01-04-20
Kadeem,Hyatt,01 96 66 57 64,a.auctor.non@Cumsociis.edu,8590 Mi. Rd.,21-09-14,19-07-18
Tasha,Melissa,03 24 43 34 04,nascetur.ridiculus@Aliquamvulputateullamcorper.net,6636 Nullam St.,20-11-07,03-11-19
Julian,Imelda,06 37 79 27 49,nascetur.ridiculus.mus@Quisquenonummyipsum.net,132-2301 A Ave,26-06-05,11-03-21
Ursula,Marah,09 06 87 77 04,sem.Nulla.interdum@maurisMorbi.com,"288-9787 A, Av.",14-12-04,12-02-21
Hamilton,Dawn,04 62 12 08 28,vestibulum.massa@cursusvestibulum.com,"P.O. Box 353, 624 Ut Avenue",31-03-98,22-01-19
Jamal,Ivor,08 11 71 55 13,vulputate@ategestasa.net,Ap #478-1238 Sit Ave,26-11-16,27-06-18
Zia,Roth,07 11 29 91 99,non@varius.ca,347-8362 Magna Road,27-10-04,12-07-18
Kasper,Vance,02 03 10 31 82,nibh@eleifend.com,743-9473 Cum Rd.,19-05-03,17-11-19
Kristen,Lawrence,03 07 18 46 21,Nunc.quis@Fusce.ca,5175 Pretium Road,24-07-18,19-11-20
Indira,Dawn,05 90 97 49 85,hendrerit.id.ante@anteipsumprimis.ca,8853 Natoque Rd.,19-06-04,25-04-19
Felix,Lacy,05 78 04 27 64,pharetra@Curabiturvellectus.edu,"P.O. Box 551, 9972 Eleifend Rd.",05-04-21,01-11-18
Silas,Ori,07 73 91 82 61,Pellentesque.habitant@lobortis.com,982-4008 Fames Street,27-12-95,19-10-18
Duncan,Shafira,06 75 54 60 55,gravida@risus.org,105-9420 Vivamus St.,17-05-90,27-01-20
Martina,Wallace,01 45 99 02 28,cursus.Integer@Donec.co.uk,"1057 Purus, St.",03-03-90,04-01-20
Kibo,Sigourney,07 64 28 79 96,arcu.vel@etmagnis.ca,"P.O. Box 261, 8986 Sed Ave",16-12-07,11-02-19
Amena,Malik,08 95 08 40 84,nibh.vulputate.mauris@sed.org,Ap #343-730 Eleifend Road,11-05-09,04-12-18
Rooney,Yetta,03 80 40 08 42,felis@ut.co.uk,2791 Odio St.,04-08-99,14-02-21
Wesley,Calvin,08 51 09 69 12,posuere.cubilia@convallisin.edu,2858 Eu St.,24-07-95,16-09-20
Clinton,Shea,03 47 37 45 54,tempor.bibendum@Vestibulum.com,131 Justo. St.,29-08-92,23-07-20
Teagan,Blythe,06 23 62 64 95,eu.placerat@risus.ca,391 Quis Street,26-03-91,21-05-20
Lani,Megan,07 44 39 83 84,ante.Maecenas@eratnonummy.edu,627-143 Dictum St.,25-09-96,24-06-18
Acton,Kelly,03 20 38 85 03,Quisque@Morbi.co.uk,"P.O. Box 112, 5675 Accumsan Rd.",25-08-16,19-09-19
Lila,Dieter,06 08 24 54 74,aliquet@acmetusvitae.org,"9972 Nec, Rd.",06-09-02,05-07-20
Cassidy,Chadwick,05 22 68 63 30,nisl.arcu@Duiselementum.com,"P.O. Box 717, 3984 Congue, Rd.",03-03-89,08-12-19
Lewis,Isaac,02 71 13 49 72,eget.varius.ultrices@ultricesposuerecubilia.ca,Ap #600-7898 Ultrices Avenue,14-09-97,18-07-19
Harding,Farrah,06 20 39 17 83,Quisque.fringilla.euismod@molestie.edu,"P.O. Box 955, 5246 Pharetra. Road",05-08-98,18-04-20
Xaviera,Judah,05 15 78 78 50,vulputate.ullamcorper.magna@odiosagittis.edu,Ap #900-6128 Non Avenue,09-04-92,08-03-19
Gary,Chanda,06 79 22 41 12,pede.Suspendisse@mauriserateget.org,782-213 Viverra. St.,05-05-91,17-10-20
Gray,Jaime,05 10 35 57 95,fermentum.arcu.Vestibulum@Nulla.org,5216 Cursus Av.,26-10-90,10-10-18
Benjamin,Adara,07 52 53 49 55,nec.urna.et@quamCurabitur.net,334-6032 Molestie Rd.,07-08-21,18-02-20
Ian,Cally,07 30 74 89 94,Cum.sociis@feugiat.co.uk,743-3600 Interdum. Ave,25-05-16,22-01-20
Hollee,Burke,04 53 20 70 96,a@tempusnon.co.uk,Ap #740-9838 Pede. St.,04-10-74,21-08-20
Dustin,Dominique,06 07 22 55 66,varius.et.euismod@maurisblandit.edu,Ap #142-9856 Fringilla St.,17-12-75,26-01-22
Leroy,Phillip,04 17 00 59 99,natoque.penatibus@vehiculaaliquet.co.uk,"Ap #210-3835 Lorem, Ave",21-10-96,31-12-20
Rudyard,Basia,03 85 79 29 16,Nunc.mauris.sapien@leo.org,1351 Dolor Street,20-06-91,08-12-21
Macon,Arden,01 89 92 43 98,lectus.sit@diamSeddiam.ca,Ap #365-5386 Cursus. Avenue,14-07-83,08-05-21
Noel,Jin,06 26 18 41 23,dolor.sit.amet@leoin.net,5444 Mauris Rd.,06-11-90,28-03-21
Jamalia,Maggy,05 83 61 58 78,et@ametluctusvulputate.com,576-8452 Lorem Street,08-09-81,04-03-22
Kaitlin,Stacy,04 10 77 48 53,tristique@egetvarius.net,3247 Erat St.,10-03-01,12-11-20
Steel,Dora,09 78 99 87 89,dapibus.gravida.Aliquam@vulpagna.org,"P.O. Box 476, 3995 Ullamcorper St.",15-11-74,27-04-21
Amity,Garrett,04 03 87 99 08,molestie@magnaUt.co.uk,Ap #740-7745 Sed Street,08-07-86,25-10-20
Katell,Doris,05 31 44 29 57,sit.amet.risus@bibendumullamcorper.org,9322 Phasellus St.,04-04-82,12-09-20
Aristotle,Jermaine,03 30 39 71 18,volutpat.ornare@pellentesquemassa.ca,"P.O. Box 591, 8773 Lorem Rd.",03-04-85,29-12-20
Graham,Katell,01 81 18 94 13,nascetur@lacinia.edu,304-9914 Mus. Rd.,09-04-76,27-12-20
Indira,Nicholas,09 85 01 69 13,et@ultricesDuisvolutpat.com,Ap #134-5007 Adipiscing St.,07-11-01,17-05-21
Justine,Elvis,04 42 57 82 69,mauris.sagittis@Vivamuseuismodurna.co.uk,"P.O. Box 193, 9264 Malesuada Av.",18-01-80,10-06-20
Dustin,Camden,04 90 67 46 76,facilisis@acliberonec.com,970-749 Metus. Avenue,16-04-77,28-06-21
Iliana,Murphy,01 07 93 31 54,dolor@nonummy.co.uk,1174 Hendrerit Rd.,22-10-75,18-12-20
Brianna,Nelle,07 22 00 91 57,purus.accumsan.interdum@lorem.org,479-3596 Lacinia Street,15-04-90,08-05-21
Hedy,Wade,02 50 19 87 08,mollis.Duis@dapibus.net,4933 Dui. Road,13-04-00,11-02-21
Sydney,Timon,07 55 81 35 37,Proin.vel.arcu@aliquet.edu,"P.O. Box 486, 5510 Aenean Rd.",14-12-93,21-05-21
Jelani,Adria,09 67 92 41 99,quam.Curabitur.vel@rhoncusProin.org,1576 Nullam Avenue,18-07-76,03-02-22
Xaviera,Mallory,05 77 22 98 48,lorem.ac.risus@ullamcorpernisl.org,449-3333 A Ave,13-02-97,23-09-21
Pearl,Ray,08 66 81 63 71,mi.fringilla.mi@etcommodo.net,"P.O. Box 894, 2049 Pellentesque Av.",15-11-98,21-02-21
Quin,Myra,02 24 38 41 13,Vivamus.nibh.dolor@consectetuermauris.ca,482-7455 Imperdiet St.,06-05-97,04-02-22
Jordan,Kibo,04 05 70 30 37,lorem.eu@nonsollicitudin.org,"3752 Non, Street",18-04-87,12-02-21
Davis,Cassandra,04 16 11 00 21,elit.dictum@dictumsapien.com,"P.O. Box 344, 5868 Magna. Street",05-09-90,21-02-21
Savannah,Howard,07 40 33 27 67,vitae@pellentesqueeget.ca,366-4492 Quis St.,29-01-88,12-04-22
Dominique,Rhiannon,08 56 06 68 07,gravida.Praesent@Aliquameratvolutpat.ca,"P.O. Box 408, 7798 Et St.",27-03-85,19-03-22
Oren,Neville,09 99 67 41 86,id@tempuseu.co.uk,"Ap #240-9793 In, St.",19-02-98,06-01-21
Ethan,Libby,05 72 78 46 68,Morbi.quis.urna@Integer.edu,"P.O. Box 649, 3480 Placerat Avenue",21-07-01,18-01-21
Macey,Audrey,07 27 10 18 29,nulla.Donec.non@Duis.net,"P.O. Box 377, 6776 Libero. Avenue",12-08-84,15-11-21
Mufutau,Alec,09 18 30 44 01,diam.Pellentesque@malesuada.co.uk,4655 At Avenue,14-09-81,29-12-21
Melvin,Geraldine,08 27 01 95 57,ligula.Nullam@hendreritid.edu,"P.O. Box 844, 6358 Blandit Rd.",25-04-89,22-03-21
Grady,Clinton,06 80 87 80 71,Sed@ornareFusce.edu,2130 At Road,28-04-96,26-05-21
Piper,Vivian,04 63 07 81 61,massa@ultriciessem.net,"3403 Ut, Ave",01-05-85,08-10-21
Emerald,Nero,07 74 26 61 28,amet@aliquam.co.uk,Ap #532-3900 Mollis St.,05-07-80,04-01-21
Ivor,Jordan,04 49 61 08 08,ac.mattis@vitaesemperegestas.org,596-2036 Eget St.,13-05-95,18-05-20
Isadora,Gregory,05 63 65 20 91,enim.sit.amet@ornarefacilisiseget.ca,"P.O. Box 420, 5265 Nulla. Rd.",11-11-90,28-03-21
Levi,Sasha,09 65 32 76 54,vel.faucibus.id@Phasellus.ca,Ap #843-9965 Neque. St.,01-02-76,11-01-22
Fletcher,Ignatius,07 43 89 95 84,blandit.viverra.Donec@egestashendrerit.org,490-5057 Iaculis Av.,01-11-89,09-05-21
Lillith,Pandora,03 53 12 41 31,vel.venenatis.vel@aliquetdiam.net,"P.O. Box 558, 8220 Rhoncus Rd.",19-08-92,23-06-21
Oleg,Ronan,01 48 31 72 53,semper@vitaemauris.com,1254 Aenean Avenue,19-10-91,04-02-22
Brent,Kaseem,04 38 19 30 44,Integer.tincidunt.aliquam@sollada.org,512-9861 Mauris Road,08-12-88,02-02-22
Grant,Fallon,02 23 03 81 52,nulla.ante.iaculis@porttitor.com,"P.O. Box 150, 407 Orci Road",05-12-98,05-09-20
Cara,Aspen,05 70 62 39 78,risus@Fuscemi.ca,"P.O. Box 718, 582 Litora Rd.",16-11-84,07-02-21
Anika,Riley,04 79 95 17 00,sit.amet.orci@porttitor.net,2140 Egestas Street,28-08-78,11-04-21
William,Adara,05 00 41 50 30,diam.at@enimCurabiturmassa.co.uk,914-108 Sed Av.,10-01-91,11-04-21
Shelly,Moses,01 57 27 22 62,sit.amet@magnaNam.org,"P.O. Box 623, 5118 Nullam St.",11-09-00,29-04-22
Ainsley,Sonya,04 51 28 27 21,Ut.nec.urna@egestasligula.net,806-1253 Non Rd.,27-03-92,04-04-22
Briar,Zachary,07 83 39 45 05,ornare@natoque.ca,2195 Et Rd.,04-10-01,06-08-20
Murphy,Blake,04 05 49 14 87,sem.Pellentesque.ut@diamdien.net,Ap #264-846 Nullam Road,05-11-81,18-09-20
Amery,Joelle,02 48 15 62 44,Nullam@eratinconsectetuer.net,Ap #511-9006 Morbi Rd.,22-07-78,29-11-21
Quynn,Jerome,04 37 14 65 17,tellus.non@ridiculusmus.net,3083 Natoque Rd.,26-02-92,07-02-22
Lydia,Brenden,08 84 44 14 20,blandit@tempulorem.ca,238-954 Nam St.,07-12-74,22-03-21
Vincent,Melinda,07 60 95 74 21,tristique@egetlacus.org,Ap #713-3083 Dignissim Av.,08-09-77,25-08-20
Slade,Hedda,02 02 04 27 32,ipsum.Suspendisse@Fusce.edu,Ap #928-3566 Nisl. Ave,15-06-90,22-05-21
Hyatt,Amos,07 52 56 97 78,urna@sagittis.com,Ap #823-9487 Mauris Road,29-06-74,15-09-20
Pandora,Elijah,08 08 21 80 87,vehicula.aliquet.libero@eratnoricies.org,Ap #523-4366 Nam St.,04-11-97,22-01-22
Evangeline,Murphy,01 45 03 58 54,dictum.augue@nonluctussit.edu,1945 Semper Avenue,21-02-95,07-09-20
Phelan,Armand,03 55 72 82 78,nibh.sit.amet@ornarelectus.ca,"P.O. Box 266, 4524 Lorem Road",28-09-97,16-02-21
Stewart,Jameson,01 35 83 91 77,euismod@Proin.edu,"295-7063 Mauris, Avenue",19-06-93,08-02-22
Ethan,Jack,05 57 89 73 07,felis@ipsumSittis.org,Ap #385-2223 Duis Street,31-03-02,29-12-21
Joshua,Anthony,04 79 84 17 85,non.sollicitudin@vehicuro.co.uk,"P.O. Box 783, 5143 Nunc Rd.",02-05-02,31-03-22
Rafael,Veronica,06 50 34 19 97,id.sapien.Cras@risusDonec.net,"531-7446 Eu, Street",04-08-94,07-01-21
Garrison,Gage,03 03 50 31 59,justo.Proin.non@elitelit.net,485-3264 Sed Avenue,09-05-97,22-10-20
Rahim,Leandra,04 96 98 73 18,fringilla.est.Mauris@enimmitempor.com,"903-4757 Vitae, St.",17-12-78,27-08-20
Deanna,Nola,09 08 04 22 64,diam.dictum.sapien@Donectincidunt.org,298-9983 Adipiscing. Road,06-09-96,18-12-21
Geoffrey,Jeremy,02 55 40 65 26,sem.elit.pharetra@purus.edu,Ap #862-6928 Enim Street,11-03-78,25-10-21
Kai,Octavius,04 46 12 72 39,egestas.rhoncus.Proin@fermentumfermentumarcu.org,"P.O. Box 976, 2283 Est. St.",11-07-93,31-07-20
Geoffrey,Gemma,05 92 32 59 15,cursus@sitametultricies.org,576-5890 Aliquam Road,13-04-00,01-11-20
Judah,Merritt,06 97 58 26 22,vitae.sodales@duiCum.com,976-9695 Nec St.,04-06-84,08-09-20
Kennedy,Jermaine,04 73 58 22 07,lorem.lorem@Sedcongue.com,859-5203 Penatibus Avenue,09-01-86,28-09-20
Dante,Samantha,07 32 86 35 74,dis.parturient.montes@risusMorbimetus.ca,"P.O. Box 511, 9837 Felis. St.",09-08-78,11-08-21
Alice,Ishmael,09 42 49 61 46,Etiam.bibendum.fermentum@Maecengilla.org,Ap #136-3065 Justo Avenue,13-06-84,28-05-20
Lev,Graham,09 30 64 52 72,urna@nislNullaeu.org,4699 Magna. Ave,05-08-85,27-08-21
Sopoline,Joshua,01 18 90 54 07,ante.dictum@Aliquamerat.org,776-8424 Sed Ave,31-08-88,30-07-20
Ishmael,Blaze,08 12 62 77 18,adipiscing@ascelerisquesed.org,"P.O. Box 280, 202 Purus Road",01-04-96,09-10-20
Mollie,Ebony,07 92 50 20 14,lacinia@ProinultricesDuis.ca,"Ap #870-9646 Adipiscing, Avenue",16-07-98,31-01-21
Michael,Erin,06 24 78 41 64,Quisque@ipsum.edu,555-8725 Curabitur St.,14-02-92,18-04-21
Pamela,Piper,09 12 32 00 25,mus.Donec@arcuCurabitur.ca,3182 Aliquam St.,29-09-81,07-02-22
Pamela,Nehru,05 97 59 79 23,justo.nec@risusMorbimetus.edu,5140 Velit. Avenue,20-07-82,25-08-21
Nathaniel,Noel,02 08 34 10 62,nulla@vitaeodiosagittis.net,Ap #354-2773 Per St.,04-03-76,10-06-21
Jada,Cameron,08 33 55 18 88,diam@odiosagittis.net,895-470 Et Road,30-07-86,18-07-21
Ashely,Violet,09 56 34 32 78,Proin.eget.odio@facilisis.net,"P.O. Box 626, 8888 Mauris Road",13-11-82,28-09-21
Fletcher,Preston,09 47 30 65 37,est.ac.facilisis@necleo.edu,3796 Sit Rd.,04-02-91,12-01-21
Quinn,Castor,04 62 82 16 01,magna.nec.quam@Donec.com,6245 Dignissim. Rd.,17-04-96,29-12-21
Ciara,Amir,07 12 41 56 82,aliquet@volutpatornarefacilisis.co.uk,"P.O. Box 244, 5027 Maecenas Rd.",05-12-91,20-05-21
Libby,Dexter,04 60 70 39 44,elit@erat.co.uk,"P.O. Box 493, 9216 Elit, Rd.",12-11-96,05-07-20
Jin,Moses,01 34 90 91 99,at.augue.id@dictum.ca,Ap #432-5265 Elit. Road,17-01-89,31-03-21
Stuart,Salvador,08 50 24 00 53,imperdiet.ullamcorper@Doiscing.net,"P.O. Box 915, 8879 Id St.",10-11-99,21-01-21
Carla,Paula,09 47 90 59 80,Vivamus.rhoncus.Donec@libero.ca,7724 Ornare. Ave,19-07-83,13-12-21
Daniel,Lana,02 75 97 24 50,Suspendisse@ridiculus.com,5147 Mi Avenue,20-05-74,17-07-21
Edward,Victoria,06 65 90 26 94,magna.a@accumsannequeet.co.uk,1300 Cursus Av.,08-09-97,01-01-22
Rahim,Gemma,01 59 61 11 43,adipiscing.lobortis@diam.co.uk,258-303 Fermentum Av.,07-11-82,25-10-21
Ignatius,Wayne,05 69 49 28 41,interdum.Nunc.sollicitudin@fringillaDonec.ca,543-3668 Duis Road,20-12-93,16-08-20
Benjamin,Palmer,08 78 71 92 77,rutrum.eu.ultrices@blandit.org,1737 Quam. Rd.,01-02-83,16-02-21
Venus,Sybil,07 87 03 69 17,Cum.sociis.natoque@fringilla.org,"P.O. Box 935, 6267 Fusce Ave",24-05-97,30-10-21
Bertha,Ryan,02 49 87 09 31,justo.Proin.non@et.edu,9019 Sagittis. Avenue,05-11-87,23-08-21
Cally,Camden,07 26 03 02 31,Duis@rutrum.com,"P.O. Box 357, 6554 Velit. St.",20-04-00,22-02-21
Tarik,Claire,03 10 36 08 34,Ut@Donec.co.uk,"P.O. Box 612, 399 Erat. Avenue",03-12-98,03-05-22