nom_formation,id_personne
dut,1
licence,2
dut,3
licence,4
licence,5
licence,6
master,7
master,8
bts,9
dut,10
bts,11
licence,12
bts,13
licence,14
bts,15
cap,16
bts,17
cap,18
licence,19
cap,20
dut,21
licence,22
bts,23
cap,24
dut,25
dut,26
cap,27
cap,28
dut,29
dut,30
bts,31
master,32
master,33
cap,34
cap,35
cap,36
licence,37
dut,38
master,39
bts,40
dut,41
cap,42
licence,43
cap,44
cap,45
bts,46
master,47
dut,48
cap,49
master,50
cap,51
licence,52
licence,53
dut,54
licence,55
licence,56
bts,57
dut,58
cap,59
licence,60
master,61
licence,62
cap,63
licence,64
dut,65
cap,66
bts,67
licence,68
cap,69
master,70
master,71
licence,72
bts,73
master,74
bts,75
master,76
dut,77
master,78
master,79
bts,80
master,81
cap,82
licence,83
dut,84
dut,85
bts,86
cap,87
dut,88
licence,89
master,90
bts,91
cap,92
cap,93
bts,94
licence,95
bts,96
bts,97
master,98
cap,99
master,100
licence,101
bts,102
cap,103
licence,104
licence,105
cap,106
dut,107
bts,108
bts,109
dut,110
master,111
master,112
cap,113
bts,114
bts,115
bts,116
cap,117
bts,118
dut,119
master,120
bts,121
licence,122
master,123
dut,124
cap,125
cap,126
master,127
cap,128
master,129
cap,130
bts,131
licence,132
bts,133
cap,134
dut,135
dut,136
master,137
cap,138
cap,139
master,140
master,141
licence,142
dut,143
dut,144
bts,145
bts,146
bts,147
cap,148
dut,149
licence,150
bts,151
master,152
licence,153
licence,154
dut,155
dut,156
dut,157
bts,158
cap,159
master,160
bts,161
dut,162
master,163
cap,164
cap,165
bts,166
master,167
dut,168
bts,169
licence,170
licence,171
dut,172
cap,173
bts,174
bts,175
licence,176
licence,177
cap,178
cap,179
master,180
cap,181
bts,182
licence,183
licence,184
master,185
master,186
licence,187
bts,188
master,189
dut,190
cap,191
dut,192
bts,193
master,194
master,195
bts,196
licence,197
bts,198
bts,199
master,200
licence,201
bts,202
bts,203
bts,204
bts,205
dut,206
master,207
master,208
dut,209
licence,210
cap,211
master,212
cap,213
licence,214
licence,215
dut,216
licence,217
bts,218
licence,219
cap,220
master,221
licence,222
master,223
bts,224
master,225
bts,226
bts,227
bts,228
licence,229
bts,230
dut,231
licence,232
cap,233
cap,234
licence,235
cap,236
cap,237
master,238
cap,239
bts,240
licence,241
master,242
cap,243
master,244
cap,245
master,246
cap,247
bts,248
master,249
bts,250
master,251
bts,252
cap,253
licence,254
cap,255
dut,256
bts,257
licence,258
dut,259
master,260
master,261
master,262
dut,263
bts,264
bts,265
master,266
cap,267
master,268
bts,269
cap,270
bts,271
bts,272
dut,273
bts,274
bts,275
licence,276
licence,277
master,278
master,279
cap,280
cap,281
bts,282
dut,283
master,284
master,285
licence,286
master,287
bts,288
master,289
cap,290
bts,291
cap,292
dut,293
bts,294
licence,295
dut,296
master,297
licence,298
dut,299
licence,300
bts,301
licence,302
cap,303
cap,304
licence,305
master,306
bts,307
bts,308
master,309
bts,310
master,311
dut,312
cap,313
licence,314
master,315
licence,316
bts,317
cap,318
bts,319
cap,320
master,321
dut,322
bts,323
licence,324
cap,325
bts,326
dut,327
cap,328
licence,329
cap,330
master,331
dut,332
dut,333
bts,334
dut,335
dut,336
licence,337
cap,338
bts,339
bts,340
dut,341
master,342
cap,343
licence,344
bts,345
licence,346
bts,347
dut,348
licence,349
cap,350
bts,351
cap,352
bts,353
cap,354
bts,355
dut,356
master,357
licence,358
cap,359
bts,360
master,361
licence,362
dut,363
dut,364
master,365
bts,366
cap,367
cap,368
licence,369
master,370
dut,371
dut,372
master,373
cap,374
master,375
bts,376
master,377
dut,378
cap,379
dut,380
master,381
licence,382
cap,383
master,384
master,385
master,386
master,387
cap,388
master,389
dut,390
bts,391
master,392
dut,393
dut,394
licence,395
master,396
dut,397
bts,398
bts,399
bts,400
licence,401
cap,402
licence,403
licence,404
bts,405
cap,406
master,407
dut,408
cap,409
bts,410
cap,411
master,412
dut,413
master,414
dut,415
cap,416
cap,417
master,418
cap,419
licence,420
dut,421
dut,422
bts,423
bts,424
dut,425
bts,426
dut,427
bts,428
cap,429
licence,430
licence,431
bts,432
bts,433
licence,434
bts,435
licence,436
dut,437
cap,438
master,439
licence,440
dut,441
cap,442
dut,443
licence,444
cap,445
cap,446
dut,447
cap,448
master,449
cap,450
master,451
master,452
bts,453
master,454
bts,455
licence,456
master,457
licence,458
licence,459
licence,460
master,461
dut,462
licence,463
licence,464
cap,465
master,466
master,467
cap,468
master,469
cap,470
dut,471
bts,472
dut,473
licence,474
dut,475
licence,476
cap,477
dut,478
cap,479
dut,480
bts,481
licence,482
licence,483
cap,484
master,485
dut,486
dut,487
master,488
bts,489
licence,490
bts,491
dut,492
dut,493
bts,494
cap,495
bts,496
licence,497
master,498
cap,499
bts,500
bts,501
dut,502
bts,503
bts,504
master,505
bts,506
bts,507
dut,508
master,509
master,510
bts,511
licence,512
dut,513
licence,514
bts,515
dut,516
licence,517
master,518
dut,519
master,520
bts,521
cap,522
cap,523
bts,524
dut,525
bts,526
cap,527
licence,528
bts,529
cap,530
cap,531
bts,532
master,533
cap,534
cap,535
bts,536
master,537
licence,538
cap,539
cap,540
dut,541
bts,542
licence,543
dut,544
master,545
cap,546
cap,547
dut,548
master,549
dut,550
licence,551
master,552
cap,553
bts,554
bts,555
dut,556
cap,557
master,558
dut,559
cap,560
licence,561
bts,562
master,563
dut,564
dut,565
bts,566
bts,567
master,568
cap,569
bts,570
cap,571
dut,572
licence,573
bts,574
licence,575
master,576
licence,577
cap,578
bts,579
bts,580
dut,581
bts,582
cap,583
bts,584
licence,585
master,586
licence,587
cap,588
bts,589
bts,590
licence,591
licence,592
cap,593
cap,594
licence,595
bts,596
licence,597
licence,598
cap,599
bts,600
master,601
licence,602
master,603
cap,604
cap,605
cap,606
licence,607
master,608
bts,609
dut,610
master,611
cap,612
master,613
cap,614
master,615
cap,616
bts,617
licence,618
dut,619
cap,620
bts,621
bts,622
licence,623
master,624
bts,625
licence,626
dut,627
licence,628
dut,629
cap,630
master,631
master,632
cap,633
dut,634
master,635
master,636
licence,637
master,638
licence,639
dut,640
master,641
cap,642
licence,643
dut,644
cap,645
licence,646
cap,647
bts,648
bts,649
master,650
licence,651
dut,652
bts,653
bts,654
master,655
licence,656
cap,657
dut,658
cap,659
cap,660
dut,661
dut,662
dut,663
licence,664
dut,665
bts,666
bts,667
cap,668
dut,669
cap,670
bts,671
dut,672
dut,673
master,674
licence,675
cap,676
dut,677
licence,678
cap,679
licence,680
dut,681
cap,682
cap,683
licence,684
master,685
bts,686
licence,687
bts,688
dut,689
licence,690
bts,691
bts,692
dut,693
dut,694
master,695
cap,696
cap,697
licence,698
licence,699
cap,700
cap,701
dut,702
cap,703
cap,704
dut,705
dut,706
dut,707
dut,708
licence,709
dut,710
cap,711
master,712
cap,713
cap,714
bts,715
dut,716
master,717
master,718
master,719
master,720
bts,721
dut,722
bts,723
licence,724
master,725
master,726
dut,727
licence,728
bts,729
licence,730
bts,731
licence,732
licence,733
cap,734
cap,735
cap,736
dut,737
dut,738
cap,739
cap,740
dut,741
cap,742
cap,743
cap,744
licence,745
bts,746
bts,747
dut,748
dut,749
master,750
bts,751
licence,752
dut,753
licence,754
cap,755
bts,756
cap,757
licence,758
bts,759
master,760
master,761
master,762
cap,763
cap,764
cap,765
licence,766
master,767
bts,768
master,769
cap,770
dut,771
master,772
dut,773
dut,774
licence,775
dut,776
licence,777
master,778
bts,779
cap,780
bts,781
licence,782
dut,783
bts,784
licence,785
bts,786
cap,787
bts,788
licence,789
master,790
dut,791
cap,792
cap,793
cap,794
cap,795
bts,796
dut,797
licence,798
cap,799
dut,800
master,801
master,802
bts,803
dut,804
cap,805
cap,806
dut,807
master,808
dut,809
bts,810
licence,811
dut,812
bts,813
cap,814
master,815
cap,816
bts,817
licence,818
dut,819
master,820
master,821
master,822
licence,823
cap,824
licence,825
bts,826
dut,827
licence,828
master,829
cap,830
bts,831
licence,832
licence,833
bts,834
cap,835
bts,836
dut,837
master,838
dut,839
bts,840
bts,841
licence,842
bts,843
bts,844
cap,845
master,846
licence,847
dut,848
bts,849
dut,850
bts,851
master,852
bts,853
cap,854
master,855
licence,856
cap,857
licence,858
master,859
bts,860
bts,861
licence,862
cap,863
bts,864
bts,865
licence,866
bts,867
master,868
bts,869
cap,870
licence,871
dut,872
master,873
cap,874
licence,875
licence,876
dut,877
licence,878
licence,879
master,880
licence,881
licence,882
cap,883
cap,884
cap,885
licence,886
dut,887
bts,888
master,889
master,890
dut,891
bts,892
master,893
dut,894
cap,895
dut,896
bts,897
bts,898
master,899
licence,900