nom_personne,prenom_personne,date_naissance
Mata,Odessa,01-12-86
Suzetta,Fawne,30-11-91
Azeria,Latisha,28-07-95
Gino,Vinita,25-04-74
Pacorro,Frank,07-12-98
Willie,Glenda,22-04-70
Dreda,Nerta,04-04-02
Even,Josephine,31-01-01
Dosia,Eve,21-03-74
Rooney,Lelah,10-11-81
Goode,Delilah,14-05-92
Reidar,Molli,22-12-63
Frendel,Chere,14-12-02
Abernon,Genevra,26-12-61
Munn,Lorne,12-08-96
Hilbert,Kalina,17-08-78
Alcott,Hannis,07-04-62
Reneta,Chickie,30-11-80
Truc,Kittie,06-11-88
Winnick,Fanny,02-10-60
Shields,Robbi,12-05-84
Karl,Regina,04-08-61
Bertold,Ofilia,22-10-71
Jacinda,Marsiella,18-01-63
Ulphia,Maridel,23-01-70
Sherfield,Evita,08-06-85
Wilona,Chastity,09-05-65
Hartnett,Fawne,03-11-65
Pearse,Maridel,21-12-79
Kussell,Donnie,14-10-96
Annice,Isa,21-09-85
Hubert,Randa,29-04-62
Infield,Orelia,02-01-87
Delp,Ingrid,29-09-65
Halsey,Sharlene,26-07-92
Callista,Vanessa,12-02-96
Elvyn,Lusa,14-06-72
Arquit,Nollie,25-03-77
Shelba,Cordi,18-06-73
Colleen,Jean,13-06-76
Peonir,Etta,23-12-77
Luhe,Tiffie,03-01-62
Shuler,Asia,06-10-78
Chandler,Gabi,12-10-87
Neils,Aubrie,18-07-86
Brenn,Nerta,22-10-93
Urania,Cindelyn,22-11-02
Sheedy,Micheline,17-05-83
Bandeen,Jobi,19-03-97
Gregrory,Babita,23-05-84
Chesna,Kamilah,18-01-00
Sundin,Ingrid,23-02-79
Eben,Gianina,01-07-68
Tengdin,Mignon,31-08-65
Helfand,Malina,09-07-62
Haymes,Amelia,11-07-01
Gregrory,Sharlene,28-10-99
Xerxes,Nessie,11-08-66
Kosey,Helsa,04-05-82
Gregrory,Letizia,30-03-85
Yam,Rosabelle,30-01-88
Brieta,Viki,14-05-89
Baylor,Almeta,02-07-94
Schalles,Barbara,23-06-93
Judye,Harmonia,07-11-76
Ralfston,Ida,20-08-93
Esmaria,Eadie,11-03-83
Edmund,Debee,17-04-93
Yam,Pamella,08-04-98
Faro,Julieta,23-12-99
Noman,Yolane,27-03-91
Jorgan,Audrie,09-04-83
Lymann,Maryellen,05-01-67
Corilla,Amara,03-10-89
Maurine,Pierette,16-02-88
Pacorro,Elora,27-02-84
Janene,Margalo,14-07-62
Henebry,Frances,31-12-98
Kendrick,Jennica,18-01-60
Sabella,Nanete,02-12-72
Howlyn,Nessie,01-04-69
Tremayne,Delilah,13-08-68
Meli,Sherrie,28-07-61
Lareena,Ruthe,14-05-60
Poppy,Anestassia,18-01-66
Durware,Aimil,06-11-88
Annice,Caryl,12-03-88
Juan,Amii,03-01-86
Chaing,Sonni,03-02-69
Aaberg,Lorie,25-07-95
Flyn,Vonny,31-01-97
Si,Frances,22-01-02
Cullin,Teddie,22-04-93
Aldric,Jemie,25-03-89
Suzetta,Emmey,07-06-60
Chesna,Florie,03-10-87
Rosalba,Merrie,03-01-73
Nea,Starla,16-04-73
Zamora,Meghann,26-11-93
Yam,Oona,01-09-90
Mayeda,Clarice,04-08-81
Tice,Estell,18-04-61
Harriman,Bobinette,04-11-79
Chobot,Cindelyn,09-12-91
Wittie,Doralynne,20-07-94
Amadas,Kaia,24-06-81
Brieta,Arlina,29-04-88
Laurianne,Frances,13-07-79
Keelia,Briney,05-03-96
Gemini,Dawn,20-01-96
Howlyn,Marleah,15-07-96
Grobe,Sashenka,06-03-84
Deegan,Albertina,12-03-93
Llovera,Pearline,04-01-91
Swigart,Oona,20-08-80
Daveta,Amii,22-03-64
Faro,Julieta,27-07-68
Bakerman,Nataline,28-03-82
Behre,Lonnie,14-04-89
Leffen,Constance,25-11-92
Merell,Carolina,01-06-91
Wattenberg,Feliza,28-06-72
Fiann,Hollie,10-01-85
Goddard,Odessa,04-05-92
Peg,Suzette,24-07-81
Ahab,Florie,16-12-86
Killigrew,Gwenneth,29-08-63
Trey,Wanda,04-05-60
Kronfeld,Tierney,10-11-69
Tippets,Brooks,09-02-94
Bivins,Brynna,22-12-98
Burnside,Ericka,18-12-81
Redmond,Elora,18-06-78
Waldron,Glynnis,27-08-68
Jacqui,Marnia,25-04-95
Rustice,Dianemarie,05-10-66
Charmine,Miquela,22-08-97
Monaco,Tomasina,07-03-00
Ambrosia,Eolanda,03-10-81
Wareing,Collen,17-05-85
Podvin,Joelly,29-05-85
Linehan,Evita,08-08-69
Payson,Libbie,18-01-75
Lindemann,Atlanta,10-01-72
Kirbee,Shirlee,16-03-98
Glenden,Vita,26-06-98
Skurnik,Fernande,08-08-64
Ingra,Valera,11-05-96
Schenck,Elise,02-05-76
Idelia,Lauryn,27-04-61
Camden,Gabi,09-07-71
Herrera,Mariann,20-02-99
Kenwood,Jolyn,14-07-95
Eachern,Cyndie,04-09-01
Klotz,Sara-Ann,06-09-73
Krystle,Fernande,30-11-83
Silvan,Iseabal,30-11-97
Chauncey,Renie,28-05-89
Rustice,Laurene,18-09-84
Janith,Neila,09-03-81
Monk,Shirlee,01-10-01
Oriana,Kimmy,01-12-76
Cassius,Nickie,04-05-87
Stover,Rhea,23-07-66
Waite,Eugine,21-01-96
Phi,Ayn,05-09-78
Edmund,Lanae,29-08-62
Joachim,Nicoli,23-09-85
Jenness,Kathy,17-03-71
Tiffa,Willetta,11-06-97
Fontana,Dawn,11-07-85
Fry,Bee,17-11-68
Mitzi,Modestia,08-05-68
Merell,Maurene,01-02-82
Ricki,Ninnetta,16-08-84
Brodench,Cindelyn,18-04-90
Jacinda,Liana,21-11-97
Kannry,Tobe,16-09-73
Han,Sharai,11-01-70
Abernon,Dorthy,08-04-98
Oscar,Hettie,02-12-61
Cassius,Dorthy,13-02-69
Mike,Ilse,04-02-76
Revkah,Mathilda,01-08-73
Vale,Kathi,04-09-96
Kendrick,Caressa,04-04-85
Dominy,Viviene,02-09-68
Talia,Brena,13-07-69
Mike,Lusa,04-11-02
Mata,Arabel,19-03-82
Fleeta,Tobe,24-07-78
Phyllis,Arlina,28-02-79
Nester,Sindee,07-12-95
Rheingold,Verla,14-08-90
Hanshaw,Fina,02-06-81
Janene,Elvira,20-06-73
Bigner,Viki,02-09-68
Wind,Corina,04-12-88
Blisse,Fina,23-05-83
Decato,Kristina,12-05-63
Kendrick,Dominga,04-10-74
Swanhildas,Ebonee,03-12-88
Pip,Harrietta,15-09-77
Libna,Liana,12-12-60
Horan,Basia,26-11-65
Brackely,Sarette,18-09-64
Woodberry,Genovera,16-02-82
Dyche,Chickie,18-11-70
Weitman,Lanae,28-02-68
Kolnick,Sheree,09-12-68
Scammon,Correy,07-09-61
Tacye,Oralee,31-08-82
Hoenack,Genevra,03-09-64
Tacye,Beth,27-09-89
Toor,Kate,15-07-93
Sammons,Elise,17-12-74
Gower,Bernie,09-05-91
Kelula,Alejandra,28-11-93
Stephie,Evita,13-11-73
Standing,Nadine,25-07-90
Sperling,Josephine,30-12-90
Jacqui,Melisent,27-06-60
Lutero,Amalie,07-09-61
Brandice,Jean,02-04-78
Maribeth,Justinn,24-10-71
Seessel,Althea,30-06-98
Ummersen,Blondelle,24-02-97
Wilona,Correy,19-07-69
Anderea,Eugine,25-08-88
Kylander,Julieta,08-12-63
Vanni,Kara-Lynn,03-03-62
Winthorpe,Shaylyn,23-06-02
Pernick,Dotty,21-10-72
Meter,Gertrud,01-11-74
Niles,Liana,30-10-75
Kellby,Chrystel,06-01-61
Randene,Krystle,12-04-76
Vanni,Lily,18-12-92
Talia,Fawne,27-07-80
Dituri,Robinia,24-09-67
Burkle,Keelia,18-01-83
Leifeste,Tera,11-10-99
Lemuela,Nicoli,26-02-72
Craggie,Andeee,19-02-74
Cassius,Riannon,25-03-76
Nadia,Adore,12-05-68
Dielu,Bill,26-07-75
Clie,Valli,17-10-98
Fairweather,Bill,26-04-73
Gavrila,Heddie,31-07-94
Glovsky,Suzette,27-08-62
Jobi,Marleah,31-08-86
Grosz,Amalie,04-05-70
Fancie,Fanchon,08-08-70
Tamsky,Evaleen,02-07-67
Carbo,Danika,27-02-86
Gwenore,Cassondra,07-07-93
Fiester,Odessa,16-01-72
Kinnard,Anallese,19-02-95
Raychel,Mary,11-01-88
Morehouse,Violet,05-09-92
Socha,Bertine,01-09-76
McCutcheon,Marti,01-02-98
Felecia,Carlie,31-05-97
Allare,Brena,15-02-81
Grosz,Ketti,24-11-72
Gale,Lonnie,03-11-60
Khorma,Aaren,17-04-67
Gibbeon,Sharai,24-03-80
Cavan,Belinda,13-07-65
Erb,Clary,12-09-98
Gemini,Gabriellia,08-06-74
Laverne,Mignon,15-06-93
Oscar,Kaia,09-08-65
Anastatius,Stevana,08-02-75
Si,Kristan,27-10-79
Lareena,Hannis,02-05-69
Michella,Karly,22-11-70
Ashok,Augustine,24-09-67
Judye,Estell,13-02-98
Dermott,Selma,03-03-95
Gualtiero,Stevana,29-03-96
Karl,Gusty,04-06-84
Ardra,Frieda,25-09-62
Manolo,Nadine,28-08-92
Magdalen,Winifred,30-12-70
Trace,Shannah,22-02-88
Couture,Darlleen,26-03-73
Joachim,Gusella,20-07-68
Arquit,Cassandra,19-11-94
Tamsky,Hannis,30-04-98
Celestine,Bernie,11-09-82
Pierette,Lory,22-03-67
Ilka,Lindie,28-09-91
Yoko,Sallie,06-03-76
Bebe,Alie,14-09-63
Truc,Pollyanna,29-01-91
Obed,Gale,06-11-88
Emmy,Deedee,16-07-84
Korey,Lorenza,30-08-67
Bivins,Noelle,13-08-63
Papageno,Wynne,11-12-91
Sparhawk,Bernie,28-01-63
Afton,Karlee,06-11-85
Fontana,Karlee,30-10-69
Hermes,Sophia,21-12-63
Alfons,Myriam,12-11-84
Campball,Hildegaard,04-05-65
Syd,Sue,24-06-70
Vernier,Tamqrah,07-08-75
Saree,Chastity,28-09-85
Cyrie,Micheline,30-04-93
Dyche,Sonni,25-08-61
Rillings,Steffane,07-02-02
Goldina,Bill,08-04-98
Terencio,Karly,19-01-77
Zina,Fernande,03-11-75
Knowling,Mariele,09-09-93
Carri,Glynnis,12-07-96
Diann,Hope,28-02-99
Thornburg,Tera,06-02-72
Sacken,Estell,06-03-93
Gombach,Kirbee,01-12-95
Schlosser,Rosanne,11-08-02
Sparhawk,Lisette,03-09-83
Salvidor,Rori,16-10-78
Lilas,Imojean,17-07-78
Craggie,Judy,11-06-81
Stuart,Angela,18-06-87
Valerio,Yolane,04-09-91
Ailyn,Caritta,13-02-60
Toni,Cathyleen,28-08-60
Matthew,Nariko,13-09-97
Raseda,Romona,06-04-79
Brunell,Benita,25-10-69
Ajay,Bettine,02-10-96
Lumbard,Natka,18-05-96
Harday,Amalie,15-11-66
Melleta,Marylou,19-04-72
Olnee,Jenilee,14-11-65
Nerita,Georgina,04-04-01
Lunsford,Nataline,16-05-74
Muriel,Amelia,10-05-70
Rosalba,Tonia,01-12-89
Monaco,Alisha,27-08-98
Dawkins,Coral,11-01-74
Bashemeth,Patricia,20-09-71
Adalbert,Jerry,23-10-01
Libna,Robbi,14-06-88
Sabella,Tori,21-06-85
Iaverne,Ekaterina,14-02-84
Aloise,Agnese,21-12-83
Letsou,Rani,04-08-73
Gahl,Leona,25-02-86
Berard,Claresta,31-07-96
Tybald,Sissy,11-05-80
Sophronia,Vinita,18-08-97
Arvo,Tori,14-07-98
Alabaster,Dotty,23-03-80
Isidore,Rani,31-03-86
Edison,Siana,01-03-73
Durante,Max,02-06-64
Autrey,Hermione,05-04-99
Delacourt,Regina,18-09-86
Hollingsworth,Frances,06-11-95
August,Aimil,25-02-85
Forrer,Kary,07-03-85
Corrine,Hollie,04-07-78
Yerkovich,Phylis,23-08-65
Raimondo,Shannah,03-06-74
Gaynor,Hermione,15-12-76
Helfand,Laurene,27-04-65
Percy,Winifred,19-10-82
Kenwood,Valeda,08-04-71
Standing,Adelle,10-01-68
Rhu,Odessa,11-10-94
Dash,Fredericka,07-07-85
Kronfeld,Georgetta,23-04-74
Jacinda,Di,02-05-96
Hertzfeld,Bibby,03-11-90
Kelula,Britni,05-02-60
Gert,Mary,20-11-94
Lesley,Esmeralda,10-04-69
Mitzi,Jan,16-12-87
Trace,Elmira,16-02-86
Brian,Shandie,10-02-00
Earlie,Karlee,26-04-82
Reidar,Moyna,29-07-68
Hessler,Emelina,08-06-01
Lucienne,Gwenneth,09-12-85
Eben,Marleah,10-07-64
Giff,Britni,18-06-90
Dearborn,Dale,23-09-71
Kussell,Gusella,06-11-68
Mott,Charmaine,01-03-66
Alice,Concettina,24-02-88
Durante,Eolanda,05-09-70
Leary,Caritta,23-03-92
Lareena,Sashenka,10-06-01
Tillford,Ruthe,22-10-02
Eliathas,Krystle,27-05-89
Rosemary,Margarette,17-06-87
Earlie,Rosabelle,03-02-75
Malvino,Lily,13-02-79
Brady,Harmonia,10-04-65
Neva,Angelique,07-04-90
Chaing,Eolanda,17-02-94
Ade,Elbertina,25-03-71
Rebecka,Cristine,16-03-89
Ovid,Deedee,16-01-01
Podvin,Tani,03-12-61
Lalitta,Cathyleen,24-11-68
Sharl,Philis,12-10-89
Bobbee,Farrah,03-05-99
Darbie,Consuela,19-04-81
Marisa,Ileana,25-07-60
Grayce,Mady,05-12-74
Kare,Korrie,16-08-75
Smitt,Annabela,29-04-65
Riordan,Oona,02-04-83
Hebner,Berget,17-12-72
Tomasina,Georgina,29-01-96
Arathorn,Minne,22-06-75
Stephie,Donetta,30-04-92
Caitlin,Gianina,19-03-87
Eldrid,Cherrita,19-09-97
Arathorn,Sophia,10-12-63
Drus,Sean,12-02-69
Vharat,Sandie,17-04-86
Rugen,Darlleen,07-06-67
Merell,Laure,23-07-79
Norrie,Olwen,04-06-66
Beebe,Neila,01-11-92
Hoban,Catharine,18-10-85
Brodench,Amalie,19-04-94
Hermes,Brandise,01-01-92
Lia,Vevay,26-05-81
Tiffa,Henriette,28-12-84
Nore,Vanessa,05-02-72
Margarete,Sara-Ann,28-07-81
Erb,Eadie,03-05-65
Ciapas,Britni,21-08-63
Bethany,Antonietta,16-02-79
Raseda,Ulrike,22-12-99
Terrence,Elbertina,11-11-86
Gamaliel,Madelle,15-05-98
Kristi,Max,09-11-77
Hortensia,Mahalia,19-11-85
Helfand,Marcelline,19-08-71
Olnee,Jorry,01-12-99
Susannah,Lanna,10-08-71
Lucienne,Arlina,02-10-96
Tacye,Yvonne,25-05-74
Rosette,Carly,08-02-99
Podvin,Kenna,17-03-64
Kelula,Randa,21-07-01
Turne,Meghann,09-11-94
Othilia,Betta,22-11-87
Timon,Sonni,11-09-02
Blisse,Valeda,23-03-88
Salchunas,Katharina,13-12-66
Edvard,Ardenia,14-11-80
Malanie,Maridel,18-06-86
Telfer,Kittie,16-12-95
Morrill,Fredericka,02-03-77
Jaylene,Brana,10-12-63
Sheng,Renie,15-04-65
Mullane,Malina,16-05-83
Mallon,Siana,22-12-95
Silvan,Joeann,02-02-72
Pandolfi,Elsie,12-07-99
Jillane,Dania,22-05-85
Fancie,Cam,14-12-96
Randene,Sam,04-02-96
Melleta,Grier,01-02-71
Erich,Briney,19-07-60
Darian,Marsiella,25-10-73
Nikaniki,Candy,01-02-78
Weaks,Konstance,06-01-73
Guildroy,Willetta,22-08-65
Goth,Aaren,17-12-61
Ochs,Marguerite,27-02-67
Redmond,Arlina,08-09-64
Sawtelle,Rhea,29-04-73
Cookie,Sara-Ann,08-09-89
Amethist,Sue,08-07-00
Carvey,Adriana,11-04-94
Gillan,Vonny,30-08-98
Voletta,Aryn,13-07-76
Loring,Shaylyn,17-10-81
Alabaster,Letizia,05-07-96
Edison,Ann-Marie,02-08-97
Naor,Cristabel,06-02-99
Philipp,Orelia,04-01-90
Karna,Sophia,28-12-99
McAdams,Paola,29-05-76
Pip,Carly,25-12-01
Ventre,Brana,08-10-80
Garbe,Bobbi,25-08-97
Goddard,Latisha,23-03-93
Hashim,Madeleine,11-08-87
Nerita,Eve,15-11-97
Briney,Myrtice,03-03-83
Pettiford,Hannis,17-10-92
Albertine,Ernesta,30-10-02
Baylor,Brianna,14-04-96
Maryanne,Cam,05-08-75
Rubie,Deedee,05-06-74
Johnsson,Laure,24-02-88
Pernick,Lonnie,22-08-60
Hepsibah,Dianemarie,03-06-63
Mitzi,Drucie,25-08-96
Elbertina,Bernardine,03-12-69
Gaynor,Steffane,01-10-60
Idelia,Charmaine,09-07-00
Vale,Adele,15-07-91
Magdalen,Laurene,08-07-65
Glenden,Johna,28-11-00
Cutlerr,Kelly,05-10-97
Izaak,Wendi,18-12-61
Afton,Melina,28-02-85
Candy,Robinia,12-03-87
Richers,Edee,07-05-93
Angelis,Binny,15-08-64
Rooney,Sashenka,02-06-86
Francene,Estell,12-10-64
Hanshaw,Nollie,17-10-97
Codding,Cyndie,15-06-89
Brady,Helena,27-10-81
Delila,Jeanna,12-10-02
Sekofski,Dorene,18-08-78
Georgy,Beth,15-03-73
Chandler,Dennie,15-09-99
Gert,Feliza,17-11-94
Noelyn,Magdalena,18-02-01
Amand,Kamilah,27-06-88
Merriott,Jennica,08-05-78
Schenck,Catharine,10-06-81
Tacye,Dorene,21-02-84
Wenda,Elora,16-01-99
Maxi,Adore,25-01-62
Darrell,Marylou,04-02-86
Cosenza,Dianemarie,31-03-81
Croix,Amelia,09-10-74
Cottle,Taffy,26-01-80
Bigner,Elfreda,30-06-76
Killigrew,Renae,01-03-97
Joeann,Audrie,20-02-84
McGrody,Tani,14-06-93
Brunell,Raquela,10-08-65
Chick,Shannah,14-12-93
Schonfeld,Margalo,22-02-99
Fiann,Alia,10-12-74
Raseda,Mary,13-10-63
Doig,Riannon,12-12-75
Margret,Mildrid,05-02-81
Tacye,Cassondra,22-06-70
Ariella,Marita,09-07-66
Primalia,Sarette,27-08-76
Wyn,Alleen,03-08-87
Kesley,Celisse,08-05-98
Greenwald,Bettine,06-02-01
Georas,Lenna,19-06-90
Weinreb,Sean,27-12-94
Yusuk,Felice,15-10-94
Muriel,Gratia,14-10-78
Damarra,Riannon,19-08-91
Estella,Brianna,08-02-78
Etom,Noelle,04-12-62
Ursulette,Ida,07-05-71
Nance,Starla,06-08-74
Manolo,Maud,12-05-75
Geffner,Kylynn,28-10-64
Brunell,Nadine,01-02-65
Federica,Rosaline,11-06-95
Peti,Sallie,16-08-72
Hamil,Linet,12-05-02
Naashom,Madeleine,15-11-87
Bluh,Cyb,19-09-93
Natica,Christy,19-07-64
Wenoa,Steffane,01-11-95
Elo,Steffane,16-02-84
Marlie,Meriel,24-05-88
Beebe,Merrie,05-12-76
Ludewig,Gabriellia,29-03-79
Henebry,Cindelyn,23-05-97
Valerio,Basia,22-02-72
Swanhildas,Barbara,23-03-71
Forrer,Sharlene,15-08-60
Brady,Reeba,01-10-73
Loleta,Angelique,01-06-68
Edee,Sharai,03-10-00
Lutero,Emelina,02-11-62
Vastah,Yolane,10-10-76
Travax,Sadie,05-06-99
Durante,Sheree,22-03-88
Emerson,Hayley,22-07-65
Ledah,Gusella,04-05-73
Abbot,Aubrie,24-02-76
Neils,Vivia,16-02-70
Fax,Eve,17-06-64
Herrera,Philis,06-06-00
Aldric,Talya,10-11-97
Tippets,Frances,19-11-76
Grayce,Josephine,13-03-70
Noelyn,Elfreda,09-11-78
Naor,Trudie,27-04-91
Cleo,Aryn,20-09-65
Kendrick,Ebonee,30-12-83
Sasnett,Janeczka,30-05-75
Callista,Jenilee,13-02-01
Dahlia,Lexine,04-12-72
Cullin,Jerry,24-09-78
Abernon,Evaleen,11-11-83
Virgin,Ethel,01-10-69
Arley,Consuela,05-07-95
Reidar,Andeee,05-12-80
Leffen,Phylis,07-09-89
Peg,Edyth,03-01-80
Garrison,Sabina,12-11-73
Newell,Deedee,02-08-74
Cressida,Dode,19-10-81
Klotz,Maridel,08-04-69
Pierette,Alia,11-07-81
Fiester,Charmaine,08-11-90
Pernick,Calla,16-08-68
Ilka,Edee,15-12-92
Ellord,Gavrielle,18-08-68
Arley,Margette,15-11-76
Tomasina,Thalia,06-08-65
O'Neill,Latisha,12-07-68
Lunsford,Ayn,22-04-69
Anderea,Dagmar,30-09-80
Hertzfeld,Violet,03-01-66
Casimir,Adele,10-02-68
Schalles,Nataline,25-05-73
Hoban,Anallese,11-07-78
Han,Renie,16-12-95
Randene,Drucie,15-09-97
Teryn,Gwenneth,20-07-63
Jenness,Karly,08-01-62
Joli,Mady,24-12-98
Genna,Lauryn,04-01-66
Arquit,Janey,22-03-96
Roche,Jasmina,07-10-84
Gaulin,Nariko,06-09-63
Aprile,Elora,17-04-67
Kalinda,Dale,12-01-69
Ricki,Aili,11-01-60
Wooster,Althea,20-09-70
Salvidor,Cristine,20-12-86
Zenas,Misha,22-08-98
Ephrem,Molli,13-04-75
Stav,Kayla,14-12-61
Romelda,Corry,17-10-88
Thomasina,Clarice,06-05-60
Stelle,Modestia,30-06-81
Eiser,Felice,14-09-82
Kolnick,Letizia,19-01-80
Klemperer,Kaja,02-12-73
Salvidor,Wilma,15-10-62
Wenoa,Keelia,15-09-77
Hylan,Hallie,27-05-77
Leler,Cassandra,18-12-61
Bartlett,Damaris,06-05-93
Erlandson,Merci,16-03-65
Orelee,Tarra,02-12-80
Monaco,Giustina,07-08-87
Lunsford,Charmaine,12-05-89
Bahr,Claudina,16-07-66
Graig,Karena,27-12-01
Seagraves,Norine,26-06-63
Hirsch,Clarice,24-03-89
Ax,Frank,20-06-60
Pettiford,Antonietta,19-10-61
Lory,Halette,13-06-00
Darrell,Roslyn,10-07-01
Lutero,Marti,26-11-95
Heidt,Jasmina,16-01-72
Ursulette,Dulcinea,14-11-79
Israeli,Rayna,24-02-80
Hebner,Allyce,13-05-83
Natica,Sidoney,02-07-75
Mendez,Madeleine,29-05-91
Fairweather,Brietta,08-08-66
Larochelle,Jasmina,25-10-67
Urias,Marika,29-05-87
Felizio,Sallie,08-04-78
Schalles,Janey,06-02-02
Gemini,Ofilia,21-01-98
Syd,Annaliese,12-03-86
Riva,Dagmar,13-05-89
Amethist,Karena,20-11-81
Ashok,Melodie,07-10-88
Braun,Clary,08-11-84
Soneson,Wynne,26-08-90
Couture,Ursulina,21-06-80
Boehike,Melodie,30-09-92
Pond,Chere,05-07-77
Ovid,Harrietta,12-12-80
Maisey,Isa,17-05-68
Alwin,Kimmy,01-01-73
Salchunas,Rhea,08-01-65
Teryn,Elyssa,23-06-83
Lynn,Ariela,07-05-77
Argus,Kaja,07-10-92
Azeria,Grier,21-06-96
Merriott,Linzy,01-06-67
Henebry,Gianina,07-06-62
Cath,Stephanie,21-11-91
Seligman,Marinna,27-03-01
Kiersten,Phedra,24-05-02
Sasnett,Ruthe,22-11-70
Posner,Joy,12-04-88
Faso,Darlleen,26-06-82
Brackely,Abbie,18-01-65
Gualtiero,Gwenneth,13-04-80
Sholley,Jeanna,23-07-65
Sheedy,Dennie,13-01-78
Karna,Sissy,20-11-82
Chandler,Roxane,25-09-83
Lauraine,Daphne,09-02-81
Sibyls,Audrie,15-04-68
Tristram,Yolane,30-06-77
Krystle,Ottilie,04-03-68
Yam,Angela,25-07-84
Colleen,Sean,15-09-96
Screens,Valera,24-07-69
Cookie,Evita,10-09-84
Sparhawk,Adele,29-10-93
Anton,Corry,05-02-94
Ledah,Albertina,12-02-62
Anestassia,Dawn,02-04-80
Daegal,Sophia,11-06-80
Wallis,Allyce,11-03-83
Evangelia,Lucille,24-04-90
Pip,Mireielle,06-10-82
Alice,Aili,28-07-70
Eckblad,Alleen,31-08-84
Kussell,Carmela,07-02-02
Karylin,Shannah,21-10-64
Winnick,Carly,08-08-66
Arathorn,Myriam,17-09-81
Randene,Jacquetta,19-02-78
Stevy,Madelle,27-08-83
Cornelia,Danika,14-07-62
Eugenia,Leona,09-12-91
Hoban,Nelle,18-10-91
Quinn,Cristine,14-08-89
My,Deirdre,24-10-89
Jobi,Liana,13-04-70
Erich,Liana,03-06-99
Isidore,Wilma,27-07-79
Hartnett,Fayre,07-11-74
Israeli,Angela,13-03-64
Lipson,Fidelia,19-11-70
Ricarda,Courtnay,16-06-69
Kristi,Addia,15-02-63
Letsou,Amii,13-04-77
Lymann,Sidoney,15-01-94
Dermott,Rosaline,08-01-99
Lumbard,Dyann,16-06-01
Lucienne,Rivalee,08-03-64
Soneson,Elvira,25-07-64
Standing,Belinda,21-12-70
Seessel,Marleah,30-04-91
Even,Ivett,08-06-78
Arley,Melisent,21-08-89
Hertzfeld,Tybie,15-03-94
Bebe,Harmonia,16-02-82
Maisey,Elie,05-12-79
Dreda,Deedee,18-08-64
Natalia,Elyssa,10-11-01
Amethist,Florencia,21-03-95
Frendel,Gwenneth,24-02-74
Elisha,Cassandra,08-03-00
Hanleigh,Kirbee,28-07-65
Serilda,Augustine,16-06-00
Damarra,Tybie,14-01-89
Letsou,Beth,19-02-88
Lalitta,Oona,14-11-78
Ferrell,Amalie,10-11-85
Nea,Leontine,27-06-61
Elephus,Anestassia,13-01-88
Yoko,Celisse,28-07-74
Kenney,Orsola,25-03-87
Saree,Glenda,07-07-86
Rillings,Briney,15-02-99
Karl,Viviene,15-09-95
Bennie,Reeba,19-05-00
Newell,Cam,04-05-66
Jena,Dorene,09-06-65
Wittie,Binny,14-10-66
Joseph,Thalia,17-08-63
Stuart,Camile,24-07-77
Zaslow,Leontine,30-12-91
Arvo,Kirbee,03-08-89
Maiah,Philis,16-01-86
Sawtelle,Millie,20-06-91
Garbe,Fernande,13-02-76
Faria,Olivette,12-12-67
Nicoline,Carolina,21-07-78
Voletta,Orelia,04-10-01
Colbert,Rayna,10-02-71
Chabot,Alyssa,13-04-97
Lucienne,Kayla,21-06-68
Brenn,Zia,07-12-62
Noman,Rhea,04-02-82
Ethban,Adriana,12-09-75
Borrell,Suzette,16-05-86
Lasley,Eugine,17-04-79
Masao,Donnie,15-03-99
Hashim,Kara-Lynn,07-12-94
Joachim,Dione,17-07-70
Gino,Bibby,22-12-66
Joeann,Maud,06-02-69
Colp,Robinia,28-12-74
Richers,Vita,15-01-71
Yam,Fredericka,13-03-68
Manolo,Berget,30-03-63
Taima,Liana,04-05-02
Macey,Addia,19-04-94
Raffo,Tamqrah,24-11-78
Markman,Kirbee,17-10-90
Sancho,Evaleen,02-09-93
Redmond,Jemie,30-05-94
Gombach,Brandise,10-10-79
Cornelia,Lily,05-02-82
Gladstone,Mathilda,17-08-87
Adore,Margarette,27-09-79
Kristi,Celestyna,06-03-62
Caitlin,Gabi,25-02-60
Halsey,Marcy,23-02-88
Guildroy,Audrie,18-01-98
Sacken,Carly,13-04-63
Irmine,Merrie,06-11-78
Tarrant,Deedee,04-05-63
Sparhawk,Roslyn,18-05-02
Drisko,Nicoli,23-04-71
Garlinda,Tracey,25-07-82
Gert,Anthia,03-07-62
Gusella,Nelle,17-10-99
Cath,Kathy,12-08-86
Sprage,Pollyanna,12-06-02
Posner,Kathi,12-04-75
Sabella,Cyndie,02-04-61
Gualtiero,Shandie,26-06-99
Marcellus,Blinni,14-06-77
Corrine,Jerry,30-09-91
Hilbert,Elka,11-06-01
Marsden,Mathilda,19-07-73
Holbrook,Jobi,29-12-71
Phi,Aaren,08-07-75
Dyche,Alyssa,14-10-97
Odysseus,Grier,07-06-88
Bury,Glynnis,28-05-00
Tannie,Julieta,05-11-64
Bouchard,Nerta,12-01-92
Randene,Liana,23-07-89
Zenas,Phedra,30-06-92
Goddard,Tera,24-11-00
Sheng,Flo,08-01-97
Astra,Wileen,08-11-83
Chesna,Lynea,07-10-89
Johnsson,Beth,24-06-69
Raama,Fidelia,17-08-85
Wadell,Mallory,05-03-82
Infield,Renie,27-08-79
Merna,Charmaine,14-02-75
Ranjiv,Deedee,19-07-91
Armanda,Benita,15-06-75
Imelida,Dari,03-10-66
Lynn,Lorne,26-10-82
Kronfeld,Bernie,15-12-68
Joseph,Alleen,15-04-93
Xerxes,Tatiania,28-03-69
Yoko,Kimmy,30-01-00
Thilda,Marguerite,31-12-63
Frendel,Donetta,16-04-90
Thar,Hildegaard,03-08-94
Blake,Shauna,16-10-88
Verger,Madeleine,31-03-86
Uird,Peri,16-04-96
Nea,Eugine,04-08-78
Alisia,Ebonee,25-07-69
Rona,Dagmar,01-04-86
Sherfield,Allis,27-12-67
Naor,Fayre,30-04-63
Tyson,Winifred,10-02-78
Chabot,Mady,10-05-88
Kylander,Daune,13-06-81
Valoniah,Brana,22-04-81
Eldrid,Evita,24-09-72
Payson,Tersina,03-07-61
Paine,Annaliese,11-09-61
Kravits,Genovera,25-07-78
McGrody,Rosaline,18-08-82
Teryn,Arlina,11-06-74
Casimir,Kaia,10-05-61
Lorenz,Gaylene,21-06-97
Lia,Chere,23-07-92
Reneta,Cathyleen,18-08-72
Wandie,Miquela,26-02-73
Pettiford,Roberta,14-01-83
Zuzana,Harrietta,22-10-01
Vanni,Belva,21-05-62
Schonfeld,Michaelina,15-07-92
Holbrook,Georgetta,03-01-77
Eckblad,Cissiee,02-12-93
Baptlsta,Elena,28-03-69
Weaks,Kristina,23-06-78
Evvie,Joelly,30-07-66
Leonard,Ericka,13-03-02
Tomasina,Dorthy,03-12-69
Rudolph,Joelly,27-03-77
Azeria,Mamie,12-12-86
Alarise,Myrtice,26-08-67
Bakerman,Corly,14-11-60
Hoenack,Hildegaard,26-03-01
Telfer,Alia,10-01-93
Elvyn,Mary,13-04-66
Adalbert,Shirlee,23-06-81
Salchunas,Lexine,04-07-01
McCutcheon,Brena,04-11-02
Audly,Marcy,28-01-86
Pandolfi,Chastity,04-08-81
Holtz,Jordan,10-02-81
Mott,Ezmeralda,31-12-66
Bronk,Amara,25-07-83
Lissi,Max,09-12-83
Annabella,Dulce,12-09-95
Barney,Candi,21-06-61
Iiette,Karena,02-10-69
Tristram,Maye,27-07-87
Trinetta,Teriann,13-02-67
Claudine,Dotty,12-10-65
Matthew,Codie,26-05-97
Whiffen,Mathilda,07-11-75
Grobe,Paola,02-12-61
Dudley,Ariela,12-04-96
Standing,Desirae,29-12-93
Chinua,Corly,09-07-90
Quent,Collen,23-09-81
Keelia,Dacia,19-09-93
Miru,Almeta,03-04-97
Standing,Caressa,04-11-02
Latini,Katleen,30-05-60
Herrera,Adriana,25-01-90
Slifka,Chickie,14-06-01
Chobot,Jacquetta,24-11-68
Mayeda,Louella,22-04-71
Chesna,Ada,28-05-77
Carri,Darci,30-01-87
Couture,Tarra,19-10-77
Fosque,Ernesta,10-11-02
Byrne,Micheline,04-08-99
Skell,Mamie,10-08-81
Cleo,Cordi,08-09-01
Croix,Laure,05-02-76
Gaynor,Meghann,19-02-60
Wilkinson,Joane,30-08-94
Odell,Ingrid,08-11-01
McCutcheon,Merrie,01-11-97
Soneson,Shirlee,01-02-95
Roscoe,Rhea,15-12-64
Bronk,Modestia,05-12-62
Flita,Vivia,04-03-73
Tufts,Regina,18-02-80
Cleo,Bill,13-03-80
Jary,Edee,26-07-66
Dom,Katleen,14-12-82
Breed,Kore,13-04-00
Uund,Frances,07-04-79
Haldas,Reeba,20-01-69
Georgy,Vita,10-07-64
Shirberg,Kaia,17-01-67
Stevy,Kerrin,01-07-60
Georas,Kaja,07-06-69
Helfand,Alejandra,08-11-82
Rosalba,Olwen,30-06-63
Lenny,Ann-Marie,01-08-83
Ciro,Jasmina,27-05-61
Cottle,Lyssa,18-05-72
Decato,Alameda,05-08-81
Warthman,Doro,28-04-77
Merell,Elise,13-08-80
Franza,Kelly,29-07-88
Merell,Janeczka,25-01-84
Charity,Josephine,01-06-96
Strephon,Nerta,21-08-61
Dowski,Arlina,01-12-98
Rugen,Ana,31-03-60
Gale,Theodora,11-02-67
Maroney,Marsiella,23-01-73
Harriman,Maisey,06-09-96
Nikaniki,Rozele,02-09-90
Jotham,Deane,08-05-67
Suk,Lisette,03-06-74
Teryn,Leeanne,11-06-01
Even,Larine,24-03-72